<?xml version="1.0" encoding="UTF-8"?>
<gpx xmlns:xsi="http://www.w3.org/2001/XMLSchema-instance" xmlns="http://www.topografix.com/GPX/1/1" xsi:schemaLocation="http://www.topografix.com/GPX/1/1 http://www.topografix.com/GPX/1/1/gpx.xsd" version="1.1" creator="Open GPX Tracker for iOS">
	<trk>
		<trkseg>
			<trkpt lat="-37.75492733731659" lon="144.9752192982561">
				<ele>50.42069420175492</ele>
				<time>2026-08-05T12:10:09Z</time>
			</trkpt>
			<trkpt lat="-37.75489998725751" lon="144.97524282927682">
				<ele>49.71933005488885</ele>
				<time>2026-08-05T12:10:10Z</time>
			</trkpt>
			<trkpt lat="-37.754905790626005" lon="144.97521624907301">
				<ele>49.58351595359038</ele>
				<time>2026-08-05T12:10:12Z</time>
			</trkpt>
			<trkpt lat="-37.754920827252874" lon="144.9751871613728">
				<ele>49.644625458033644</ele>
				<time>2026-08-05T12:10:13Z</time>
			</trkpt>
			<trkpt lat="-37.754917396942375" lon="144.97517205534533">
				<ele>49.61128047058496</ele>
				<time>2026-08-05T12:10:14Z</time>
			</trkpt>
			<trkpt lat="-37.7549141440664" lon="144.97518310567327">
				<ele>49.764026546407536</ele>
				<time>2026-08-05T12:10:17Z</time>
			</trkpt>
			<trkpt lat="-37.754932956892745" lon="144.9751893160608">
				<ele>50.21785160178918</ele>
				<time>2026-08-05T12:10:19Z</time>
			</trkpt>
			<trkpt lat="-37.754904580514705" lon="144.9751752749664">
				<ele>50.485039244405925</ele>
				<time>2026-08-05T12:10:31Z</time>
			</trkpt>
			<trkpt lat="-37.75488796602253" lon="144.97514751472102">
				<ele>50.40200632624328</ele>
				<time>2026-08-05T12:10:33Z</time>
			</trkpt>
			<trkpt lat="-37.75487848631008" lon="144.97511116366996">
				<ele>49.787844359874725</ele>
				<time>2026-08-05T12:10:35Z</time>
			</trkpt>
			<trkpt lat="-37.75487525550187" lon="144.97506792331575">
				<ele>49.946722680702806</ele>
				<time>2026-08-05T12:10:37Z</time>
			</trkpt>
			<trkpt lat="-37.75486439057276" lon="144.974997792591">
				<ele>49.95421128347516</ele>
				<time>2026-08-05T12:10:40Z</time>
			</trkpt>
			<trkpt lat="-37.75486692670159" lon="144.97496525525602">
				<ele>51.74273234792054</ele>
				<time>2026-08-05T12:10:42Z</time>
			</trkpt>
			<trkpt lat="-37.75486392388997" lon="144.97493435974712">
				<ele>51.73532747011632</ele>
				<time>2026-08-05T12:10:43Z</time>
			</trkpt>
			<trkpt lat="-37.754863545864865" lon="144.97490931017214">
				<ele>51.86329215019941</ele>
				<time>2026-08-05T12:10:44Z</time>
			</trkpt>
			<trkpt lat="-37.75485833377312" lon="144.97488113725302">
				<ele>51.95917100273073</ele>
				<time>2026-08-05T12:10:45Z</time>
			</trkpt>
			<trkpt lat="-37.75485876563974" lon="144.97484796896347">
				<ele>52.10539991874248</ele>
				<time>2026-08-05T12:10:46Z</time>
			</trkpt>
			<trkpt lat="-37.754855520928764" lon="144.97481584267507">
				<ele>52.240812009200454</ele>
				<time>2026-08-05T12:10:47Z</time>
			</trkpt>
			<trkpt lat="-37.75484952700373" lon="144.97478343305605">
				<ele>52.2587922969833</ele>
				<time>2026-08-05T12:10:48Z</time>
			</trkpt>
			<trkpt lat="-37.754843667417184" lon="144.97475640760817">
				<ele>52.426943158730865</ele>
				<time>2026-08-05T12:10:49Z</time>
			</trkpt>
			<trkpt lat="-37.75483819332668" lon="144.97472945421543">
				<ele>52.417948168702424</ele>
				<time>2026-08-05T12:10:50Z</time>
			</trkpt>
			<trkpt lat="-37.754831185436785" lon="144.97470107013672">
				<ele>52.34053057059646</ele>
				<time>2026-08-05T12:10:51Z</time>
			</trkpt>
			<trkpt lat="-37.75482140429102" lon="144.9746716830809">
				<ele>52.38923223596066</ele>
				<time>2026-08-05T12:10:52Z</time>
			</trkpt>
			<trkpt lat="-37.75481545414395" lon="144.97463884968994">
				<ele>52.46336309518665</ele>
				<time>2026-08-05T12:10:53Z</time>
			</trkpt>
			<trkpt lat="-37.75480781044632" lon="144.9746119169224">
				<ele>52.40883122757077</ele>
				<time>2026-08-05T12:10:54Z</time>
			</trkpt>
			<trkpt lat="-37.75480337436409" lon="144.97457370303167">
				<ele>52.403170404955745</ele>
				<time>2026-08-05T12:10:55Z</time>
			</trkpt>
			<trkpt lat="-37.75480159725342" lon="144.97453807132234">
				<ele>52.48763287998736</ele>
				<time>2026-08-05T12:10:56Z</time>
			</trkpt>
			<trkpt lat="-37.75479534054419" lon="144.9745066268384">
				<ele>52.367848922498524</ele>
				<time>2026-08-05T12:10:57Z</time>
			</trkpt>
			<trkpt lat="-37.754791271937165" lon="144.9744780604875">
				<ele>52.33936969283968</ele>
				<time>2026-08-05T12:10:58Z</time>
			</trkpt>
			<trkpt lat="-37.75479281774013" lon="144.9744488449175">
				<ele>52.332039463333786</ele>
				<time>2026-08-05T12:10:59Z</time>
			</trkpt>
			<trkpt lat="-37.75479526750182" lon="144.97441830218682">
				<ele>52.25589788798243</ele>
				<time>2026-08-05T12:11:00Z</time>
			</trkpt>
			<trkpt lat="-37.754789331812745" lon="144.97438485477926">
				<ele>52.186916942708194</ele>
				<time>2026-08-05T12:11:01Z</time>
			</trkpt>
			<trkpt lat="-37.754786731323186" lon="144.97435635884997">
				<ele>52.22007610183209</ele>
				<time>2026-08-05T12:11:02Z</time>
			</trkpt>
			<trkpt lat="-37.75479293407556" lon="144.97430640620766">
				<ele>52.06442485563457</ele>
				<time>2026-08-05T12:11:04Z</time>
			</trkpt>
			<trkpt lat="-37.754804093060876" lon="144.97427502127317">
				<ele>52.02648206055164</ele>
				<time>2026-08-05T12:11:05Z</time>
			</trkpt>
			<trkpt lat="-37.75482145974479" lon="144.9742454363562">
				<ele>51.79736417159438</ele>
				<time>2026-08-05T12:11:06Z</time>
			</trkpt>
			<trkpt lat="-37.75485029467535" lon="144.97423188614775">
				<ele>51.78681975137442</ele>
				<time>2026-08-05T12:11:07Z</time>
			</trkpt>
			<trkpt lat="-37.75487752857054" lon="144.974227246501">
				<ele>51.70917980372906</ele>
				<time>2026-08-05T12:11:08Z</time>
			</trkpt>
			<trkpt lat="-37.75490775928761" lon="144.97422932860763">
				<ele>51.71178162749857</ele>
				<time>2026-08-05T12:11:09Z</time>
			</trkpt>
			<trkpt lat="-37.75493813936511" lon="144.97423725461425">
				<ele>51.70091183297336</ele>
				<time>2026-08-05T12:11:10Z</time>
			</trkpt>
			<trkpt lat="-37.754966081549235" lon="144.97423557010146">
				<ele>51.70514017622918</ele>
				<time>2026-08-05T12:11:11Z</time>
			</trkpt>
			<trkpt lat="-37.7549928386718" lon="144.97422916589915">
				<ele>51.64298775792122</ele>
				<time>2026-08-05T12:11:12Z</time>
			</trkpt>
			<trkpt lat="-37.75501766245486" lon="144.97422598369363">
				<ele>51.711659364402294</ele>
				<time>2026-08-05T12:11:13Z</time>
			</trkpt>
			<trkpt lat="-37.755042518384755" lon="144.97422482950492">
				<ele>51.7790900208056</ele>
				<time>2026-08-05T12:11:14Z</time>
			</trkpt>
			<trkpt lat="-37.75506640805473" lon="144.9742195197421">
				<ele>51.86769595742226</ele>
				<time>2026-08-05T12:11:15Z</time>
			</trkpt>
			<trkpt lat="-37.75508836816311" lon="144.97421327354922">
				<ele>51.87359057366848</ele>
				<time>2026-08-05T12:11:16Z</time>
			</trkpt>
			<trkpt lat="-37.75511643681302" lon="144.974210436546">
				<ele>51.82790186628699</ele>
				<time>2026-08-05T12:11:17Z</time>
			</trkpt>
			<trkpt lat="-37.75513912941895" lon="144.9742027806769">
				<ele>51.96162876673043</ele>
				<time>2026-08-05T12:11:18Z</time>
			</trkpt>
			<trkpt lat="-37.75516474477474" lon="144.97419947387">
				<ele>51.90157941542566</ele>
				<time>2026-08-05T12:11:19Z</time>
			</trkpt>
			<trkpt lat="-37.755191349547125" lon="144.97419772831492">
				<ele>51.96136504877359</ele>
				<time>2026-08-05T12:11:20Z</time>
			</trkpt>
			<trkpt lat="-37.75521048869511" lon="144.97419648010845">
				<ele>51.91746480204165</ele>
				<time>2026-08-05T12:11:21Z</time>
			</trkpt>
			<trkpt lat="-37.75523376965135" lon="144.97419424113403">
				<ele>51.89647768530995</ele>
				<time>2026-08-05T12:11:22Z</time>
			</trkpt>
			<trkpt lat="-37.755260925494" lon="144.97419438002962">
				<ele>51.64152137003839</ele>
				<time>2026-08-05T12:11:23Z</time>
			</trkpt>
			<trkpt lat="-37.75528659976862" lon="144.97418651325694">
				<ele>51.609984343871474</ele>
				<time>2026-08-05T12:11:24Z</time>
			</trkpt>
			<trkpt lat="-37.75531947887569" lon="144.974181015139">
				<ele>51.70104425307363</ele>
				<time>2026-08-05T12:11:25Z</time>
			</trkpt>
			<trkpt lat="-37.75535465013562" lon="144.97416428199412">
				<ele>51.68595705553889</ele>
				<time>2026-08-05T12:11:26Z</time>
			</trkpt>
			<trkpt lat="-37.755390015068535" lon="144.97415782620644">
				<ele>51.65387161355466</ele>
				<time>2026-08-05T12:11:27Z</time>
			</trkpt>
			<trkpt lat="-37.755428054284074" lon="144.97415096130078">
				<ele>51.68889996316284</ele>
				<time>2026-08-05T12:11:28Z</time>
			</trkpt>
			<trkpt lat="-37.7554669483392" lon="144.97414729996683">
				<ele>52.22748116310686</ele>
				<time>2026-08-05T12:11:29Z</time>
			</trkpt>
			<trkpt lat="-37.75550870239429" lon="144.9741387869973">
				<ele>52.04912522621453</ele>
				<time>2026-08-05T12:11:30Z</time>
			</trkpt>
			<trkpt lat="-37.75554935552889" lon="144.9741300156508">
				<ele>52.06683790124953</ele>
				<time>2026-08-05T12:11:31Z</time>
			</trkpt>
			<trkpt lat="-37.755593812877365" lon="144.9741199713342">
				<ele>52.14457722660154</ele>
				<time>2026-08-05T12:11:32Z</time>
			</trkpt>
			<trkpt lat="-37.75564078970093" lon="144.97411136613115">
				<ele>51.90856138058007</ele>
				<time>2026-08-05T12:11:33Z</time>
			</trkpt>
			<trkpt lat="-37.7556863232853" lon="144.97410187113766">
				<ele>51.818603050895035</ele>
				<time>2026-08-05T12:11:34Z</time>
			</trkpt>
			<trkpt lat="-37.755730751845114" lon="144.97409382221693">
				<ele>51.921982497908175</ele>
				<time>2026-08-05T12:11:35Z</time>
			</trkpt>
			<trkpt lat="-37.75577738044329" lon="144.97408455717655">
				<ele>52.1317167179659</ele>
				<time>2026-08-05T12:11:36Z</time>
			</trkpt>
			<trkpt lat="-37.75582361661672" lon="144.97407414678952">
				<ele>52.07637366652489</ele>
				<time>2026-08-05T12:11:37Z</time>
			</trkpt>
			<trkpt lat="-37.75587105804268" lon="144.9740669963346">
				<ele>52.3039865931496</ele>
				<time>2026-08-05T12:11:38Z</time>
			</trkpt>
			<trkpt lat="-37.755922759035144" lon="144.97405666853697">
				<ele>52.31285316217691</ele>
				<time>2026-08-05T12:11:39Z</time>
			</trkpt>
			<trkpt lat="-37.75597494523671" lon="144.97405014237538">
				<ele>52.59924592077732</ele>
				<time>2026-08-05T12:11:40Z</time>
			</trkpt>
			<trkpt lat="-37.756028500311764" lon="144.97404132601173">
				<ele>52.7083252845332</ele>
				<time>2026-08-05T12:11:41Z</time>
			</trkpt>
			<trkpt lat="-37.7560810505542" lon="144.9740314735691">
				<ele>52.654620291665196</ele>
				<time>2026-08-05T12:11:42Z</time>
			</trkpt>
			<trkpt lat="-37.756133449567415" lon="144.97402142622727">
				<ele>52.74423349555582</ele>
				<time>2026-08-05T12:11:43Z</time>
			</trkpt>
			<trkpt lat="-37.75618936199026" lon="144.9740113061201">
				<ele>53.053782598115504</ele>
				<time>2026-08-05T12:11:44Z</time>
			</trkpt>
			<trkpt lat="-37.75624095806507" lon="144.97400197033622">
				<ele>52.90921069867909</ele>
				<time>2026-08-05T12:11:45Z</time>
			</trkpt>
			<trkpt lat="-37.75629340053803" lon="144.97399343529673">
				<ele>53.130766718648374</ele>
				<time>2026-08-05T12:11:46Z</time>
			</trkpt>
			<trkpt lat="-37.75633978247428" lon="144.97398456015517">
				<ele>53.297655302099884</ele>
				<time>2026-08-05T12:11:47Z</time>
			</trkpt>
			<trkpt lat="-37.756383708110825" lon="144.97397798551947">
				<ele>53.2681444035843</ele>
				<time>2026-08-05T12:11:48Z</time>
			</trkpt>
			<trkpt lat="-37.756417698966246" lon="144.97397395152592">
				<ele>53.657364236190915</ele>
				<time>2026-08-05T12:11:49Z</time>
			</trkpt>
			<trkpt lat="-37.75644291762307" lon="144.97397269344378">
				<ele>53.70074591692537</ele>
				<time>2026-08-05T12:11:50Z</time>
			</trkpt>
			<trkpt lat="-37.75646547842524" lon="144.97397275310604">
				<ele>53.80531616602093</ele>
				<time>2026-08-05T12:11:51Z</time>
			</trkpt>
			<trkpt lat="-37.75649309362893" lon="144.973973717278">
				<ele>53.976000622846186</ele>
				<time>2026-08-05T12:11:53Z</time>
			</trkpt>
			<trkpt lat="-37.75651998244751" lon="144.9739745794356">
				<ele>54.229775936342776</ele>
				<time>2026-08-05T12:11:55Z</time>
			</trkpt>
			<trkpt lat="-37.75655104014819" lon="144.9739860681598">
				<ele>54.198952994309366</ele>
				<time>2026-08-05T12:11:57Z</time>
			</trkpt>
			<trkpt lat="-37.75656510146729" lon="144.974003216942">
				<ele>54.410516718402505</ele>
				<time>2026-08-05T12:11:58Z</time>
			</trkpt>
			<trkpt lat="-37.75657720425291" lon="144.97402961299403">
				<ele>54.38423973415047</ele>
				<time>2026-08-05T12:11:59Z</time>
			</trkpt>
			<trkpt lat="-37.75658079392348" lon="144.97405692525334">
				<ele>54.745534780435264</ele>
				<time>2026-08-05T12:12:00Z</time>
			</trkpt>
			<trkpt lat="-37.75658256520781" lon="144.9740827954948">
				<ele>54.37383188866079</ele>
				<time>2026-08-05T12:12:01Z</time>
			</trkpt>
			<trkpt lat="-37.75658459615262" lon="144.97410845021503">
				<ele>54.32622861396521</ele>
				<time>2026-08-05T12:12:02Z</time>
			</trkpt>
			<trkpt lat="-37.756584385461466" lon="144.97413298727614">
				<ele>54.32997828628868</ele>
				<time>2026-08-05T12:12:27Z</time>
			</trkpt>
			<trkpt lat="-37.756572523783376" lon="144.97410750747298">
				<ele>53.204551024362445</ele>
				<time>2026-08-05T12:12:32Z</time>
			</trkpt>
			<trkpt lat="-37.75657008005012" lon="144.97426545184115">
				<ele>53.92034199461341</ele>
				<time>2026-08-05T12:12:36Z</time>
			</trkpt>
			<trkpt lat="-37.756575343673575" lon="144.97432691233382">
				<ele>53.84831944759935</ele>
				<time>2026-08-05T12:12:37Z</time>
			</trkpt>
			<trkpt lat="-37.75658161367261" lon="144.97440012379198">
				<ele>53.82458824664354</ele>
				<time>2026-08-05T12:12:38Z</time>
			</trkpt>
			<trkpt lat="-37.75658885723509" lon="144.97448267297233">
				<ele>53.710301384329796</ele>
				<time>2026-08-05T12:12:39Z</time>
			</trkpt>
			<trkpt lat="-37.75659767754475" lon="144.97457286976714">
				<ele>53.72595974430442</ele>
				<time>2026-08-05T12:12:40Z</time>
			</trkpt>
			<trkpt lat="-37.756607875196" lon="144.9746717635274">
				<ele>53.42071239091456</ele>
				<time>2026-08-05T12:12:41Z</time>
			</trkpt>
			<trkpt lat="-37.756619454950595" lon="144.9747823160567">
				<ele>53.36538575962186</ele>
				<time>2026-08-05T12:12:42Z</time>
			</trkpt>
			<trkpt lat="-37.756633377046946" lon="144.97489681314465">
				<ele>53.263523576781154</ele>
				<time>2026-08-05T12:12:43Z</time>
			</trkpt>
			<trkpt lat="-37.75664698732718" lon="144.97501388997748">
				<ele>52.94478300586343</ele>
				<time>2026-08-05T12:12:44Z</time>
			</trkpt>
			<trkpt lat="-37.75666044733092" lon="144.97512967419067">
				<ele>52.89439744502306</ele>
				<time>2026-08-05T12:12:45Z</time>
			</trkpt>
			<trkpt lat="-37.75667482426868" lon="144.97525074711163">
				<ele>52.64669269975275</ele>
				<time>2026-08-05T12:12:46Z</time>
			</trkpt>
			<trkpt lat="-37.756691020189784" lon="144.97537383607818">
				<ele>52.64073423482478</ele>
				<time>2026-08-05T12:12:47Z</time>
			</trkpt>
			<trkpt lat="-37.756707153856865" lon="144.97549936385278">
				<ele>52.62015631143004</ele>
				<time>2026-08-05T12:12:48Z</time>
			</trkpt>
			<trkpt lat="-37.75672358224688" lon="144.97563283574522">
				<ele>52.42126012966037</ele>
				<time>2026-08-05T12:12:49Z</time>
			</trkpt>
			<trkpt lat="-37.75674213936422" lon="144.97577383089333">
				<ele>52.60985196288675</ele>
				<time>2026-08-05T12:12:50Z</time>
			</trkpt>
			<trkpt lat="-37.756761020975134" lon="144.9759195073829">
				<ele>52.568931145593524</ele>
				<time>2026-08-05T12:12:51Z</time>
			</trkpt>
			<trkpt lat="-37.75678052259098" lon="144.97607064491925">
				<ele>52.470650278031826</ele>
				<time>2026-08-05T12:12:52Z</time>
			</trkpt>
			<trkpt lat="-37.75679971606962" lon="144.97622682042578">
				<ele>52.385582190938294</ele>
				<time>2026-08-05T12:12:53Z</time>
			</trkpt>
			<trkpt lat="-37.75681885591591" lon="144.9763882118294">
				<ele>52.39160851575434</ele>
				<time>2026-08-05T12:12:54Z</time>
			</trkpt>
			<trkpt lat="-37.7568383681654" lon="144.9765527434193">
				<ele>52.281817694194615</ele>
				<time>2026-08-05T12:12:55Z</time>
			</trkpt>
			<trkpt lat="-37.75685726904014" lon="144.97671901001593">
				<ele>52.09049419313669</ele>
				<time>2026-08-05T12:12:56Z</time>
			</trkpt>
			<trkpt lat="-37.75687654122299" lon="144.97688907859535">
				<ele>51.832533604465425</ele>
				<time>2026-08-05T12:12:57Z</time>
			</trkpt>
			<trkpt lat="-37.756896581527094" lon="144.97706154063843">
				<ele>51.578691182658076</ele>
				<time>2026-08-05T12:12:58Z</time>
			</trkpt>
			<trkpt lat="-37.75693308325962" lon="144.97723261772737">
				<ele>51.46149502135813</ele>
				<time>2026-08-05T12:12:59Z</time>
			</trkpt>
			<trkpt lat="-37.75695363769591" lon="144.97740321157454">
				<ele>51.24526875745505</ele>
				<time>2026-08-05T12:13:00Z</time>
			</trkpt>
			<trkpt lat="-37.75695836038665" lon="144.9775768254757">
				<ele>50.77107007242739</ele>
				<time>2026-08-05T12:13:01Z</time>
			</trkpt>
			<trkpt lat="-37.75697763322819" lon="144.97774657195123">
				<ele>50.20333109982312</ele>
				<time>2026-08-05T12:13:02Z</time>
			</trkpt>
			<trkpt lat="-37.75699720789525" lon="144.97791451137746">
				<ele>49.75707636587322</ele>
				<time>2026-08-05T12:13:03Z</time>
			</trkpt>
			<trkpt lat="-37.757017348147656" lon="144.97808294898914">
				<ele>48.716948688961565</ele>
				<time>2026-08-05T12:13:04Z</time>
			</trkpt>
			<trkpt lat="-37.757052156353375" lon="144.97824809996445">
				<ele>48.01605778094381</ele>
				<time>2026-08-05T12:13:05Z</time>
			</trkpt>
			<trkpt lat="-37.75707339780105" lon="144.97841665615402">
				<ele>46.87021427601576</ele>
				<time>2026-08-05T12:13:06Z</time>
			</trkpt>
			<trkpt lat="-37.757092684654644" lon="144.97858640152728">
				<ele>46.028961478732526</ele>
				<time>2026-08-05T12:13:07Z</time>
			</trkpt>
			<trkpt lat="-37.757116619879554" lon="144.97875528354504">
				<ele>45.1787987453863</ele>
				<time>2026-08-05T12:13:08Z</time>
			</trkpt>
			<trkpt lat="-37.757137755778984" lon="144.97892637051396">
				<ele>44.382010352797806</ele>
				<time>2026-08-05T12:13:09Z</time>
			</trkpt>
			<trkpt lat="-37.757162838062825" lon="144.97909518948674">
				<ele>43.46045903675258</ele>
				<time>2026-08-05T12:13:10Z</time>
			</trkpt>
			<trkpt lat="-37.75718842924484" lon="144.9792678206167">
				<ele>42.68913337215781</ele>
				<time>2026-08-05T12:13:11Z</time>
			</trkpt>
			<trkpt lat="-37.75721052621944" lon="144.97943774800194">
				<ele>41.48315035365522</ele>
				<time>2026-08-05T12:13:12Z</time>
			</trkpt>
			<trkpt lat="-37.757231911274886" lon="144.97959813182018">
				<ele>40.65712571516633</ele>
				<time>2026-08-05T12:13:13Z</time>
			</trkpt>
			<trkpt lat="-37.75724532643013" lon="144.97976000554863">
				<ele>39.922760491259396</ele>
				<time>2026-08-05T12:13:14Z</time>
			</trkpt>
			<trkpt lat="-37.75726339874763" lon="144.97992195180615">
				<ele>38.89503894560039</ele>
				<time>2026-08-05T12:13:15Z</time>
			</trkpt>
			<trkpt lat="-37.757281210369314" lon="144.98008567719074">
				<ele>38.176408817991614</ele>
				<time>2026-08-05T12:13:16Z</time>
			</trkpt>
			<trkpt lat="-37.75729885033497" lon="144.98025340372186">
				<ele>37.65682144463062</ele>
				<time>2026-08-05T12:13:17Z</time>
			</trkpt>
			<trkpt lat="-37.75731756493635" lon="144.9804237199758">
				<ele>36.91586751677096</ele>
				<time>2026-08-05T12:13:18Z</time>
			</trkpt>
			<trkpt lat="-37.75733830566855" lon="144.98059393072728">
				<ele>36.422534227371216</ele>
				<time>2026-08-05T12:13:19Z</time>
			</trkpt>
			<trkpt lat="-37.75735973860504" lon="144.98076354175532">
				<ele>36.09798504784703</ele>
				<time>2026-08-05T12:13:20Z</time>
			</trkpt>
			<trkpt lat="-37.75738363354287" lon="144.98093194130573">
				<ele>35.72034588083625</ele>
				<time>2026-08-05T12:13:21Z</time>
			</trkpt>
			<trkpt lat="-37.75740492505484" lon="144.98110600808536">
				<ele>35.7583609232679</ele>
				<time>2026-08-05T12:13:22Z</time>
			</trkpt>
			<trkpt lat="-37.757426112472466" lon="144.9812813853659">
				<ele>35.484365690499544</ele>
				<time>2026-08-05T12:13:23Z</time>
			</trkpt>
			<trkpt lat="-37.757446980888" lon="144.98145916080475">
				<ele>35.23255670256913</ele>
				<time>2026-08-05T12:13:24Z</time>
			</trkpt>
			<trkpt lat="-37.757467503418496" lon="144.9816354201772">
				<ele>35.214610702358186</ele>
				<time>2026-08-05T12:13:25Z</time>
			</trkpt>
			<trkpt lat="-37.75748743974337" lon="144.98180807654788">
				<ele>35.55884547717869</ele>
				<time>2026-08-05T12:13:26Z</time>
			</trkpt>
			<trkpt lat="-37.75750455261867" lon="144.98197256208456">
				<ele>35.96421887539327</ele>
				<time>2026-08-05T12:13:27Z</time>
			</trkpt>
			<trkpt lat="-37.75752109421201" lon="144.98213258756994">
				<ele>36.338352458551526</ele>
				<time>2026-08-05T12:13:28Z</time>
			</trkpt>
			<trkpt lat="-37.757538431608516" lon="144.98228579782543">
				<ele>36.535926464013755</ele>
				<time>2026-08-05T12:13:29Z</time>
			</trkpt>
			<trkpt lat="-37.7575553568683" lon="144.9824367954094">
				<ele>37.021261415444314</ele>
				<time>2026-08-05T12:13:30Z</time>
			</trkpt>
			<trkpt lat="-37.75757213356184" lon="144.98258453434858">
				<ele>37.30917221587151</ele>
				<time>2026-08-05T12:13:31Z</time>
			</trkpt>
			<trkpt lat="-37.75758786016364" lon="144.98273372291092">
				<ele>38.0052295839414</ele>
				<time>2026-08-05T12:13:32Z</time>
			</trkpt>
			<trkpt lat="-37.757604369425785" lon="144.9828826006902">
				<ele>38.55943827331066</ele>
				<time>2026-08-05T12:13:33Z</time>
			</trkpt>
			<trkpt lat="-37.757621337727514" lon="144.98303248126797">
				<ele>39.38181225862354</ele>
				<time>2026-08-05T12:13:34Z</time>
			</trkpt>
			<trkpt lat="-37.75763910521664" lon="144.98318249133436">
				<ele>39.78641430288553</ele>
				<time>2026-08-05T12:13:35Z</time>
			</trkpt>
			<trkpt lat="-37.757656104248106" lon="144.98333586169042">
				<ele>40.7588636726141</ele>
				<time>2026-08-05T12:13:36Z</time>
			</trkpt>
			<trkpt lat="-37.75767378449463" lon="144.98348868073833">
				<ele>41.48105040565133</ele>
				<time>2026-08-05T12:13:37Z</time>
			</trkpt>
			<trkpt lat="-37.75769053349948" lon="144.98364433725857">
				<ele>42.261106222867966</ele>
				<time>2026-08-05T12:13:38Z</time>
			</trkpt>
			<trkpt lat="-37.75770765837015" lon="144.98379865091613">
				<ele>43.147456320002675</ele>
				<time>2026-08-05T12:13:39Z</time>
			</trkpt>
			<trkpt lat="-37.757726708833715" lon="144.9839445716241">
				<ele>43.99678118806332</ele>
				<time>2026-08-05T12:13:40Z</time>
			</trkpt>
			<trkpt lat="-37.75773963487946" lon="144.98408881737032">
				<ele>44.742198158055544</ele>
				<time>2026-08-05T12:13:41Z</time>
			</trkpt>
			<trkpt lat="-37.7577499312482" lon="144.98422875932667">
				<ele>45.57854857109487</ele>
				<time>2026-08-05T12:13:42Z</time>
			</trkpt>
			<trkpt lat="-37.75776011229356" lon="144.98437006021658">
				<ele>45.93014754820615</ele>
				<time>2026-08-05T12:13:43Z</time>
			</trkpt>
			<trkpt lat="-37.75777145438922" lon="144.9845050016447">
				<ele>45.81433248333633</ele>
				<time>2026-08-05T12:13:44Z</time>
			</trkpt>
			<trkpt lat="-37.75778436682325" lon="144.9846395686072">
				<ele>46.2188872480765</ele>
				<time>2026-08-05T12:13:45Z</time>
			</trkpt>
			<trkpt lat="-37.757797736327745" lon="144.98477314132066">
				<ele>46.36234791763127</ele>
				<time>2026-08-05T12:13:46Z</time>
			</trkpt>
			<trkpt lat="-37.757812892962214" lon="144.98490504672446">
				<ele>46.74882339313626</ele>
				<time>2026-08-05T12:13:47Z</time>
			</trkpt>
			<trkpt lat="-37.75782940830291" lon="144.98503759959863">
				<ele>47.111158666200936</ele>
				<time>2026-08-05T12:13:48Z</time>
			</trkpt>
			<trkpt lat="-37.75784564429501" lon="144.98517058236231">
				<ele>47.27711490355432</ele>
				<time>2026-08-05T12:13:49Z</time>
			</trkpt>
			<trkpt lat="-37.757863284524916" lon="144.98531254671158">
				<ele>47.776898260228336</ele>
				<time>2026-08-05T12:13:50Z</time>
			</trkpt>
			<trkpt lat="-37.75787796428778" lon="144.9854509856379">
				<ele>47.842566101811826</ele>
				<time>2026-08-05T12:13:51Z</time>
			</trkpt>
			<trkpt lat="-37.75789460778128" lon="144.98559564437647">
				<ele>47.82731599919498</ele>
				<time>2026-08-05T12:13:52Z</time>
			</trkpt>
			<trkpt lat="-37.757911544435444" lon="144.98574411667775">
				<ele>47.73594521265477</ele>
				<time>2026-08-05T12:13:53Z</time>
			</trkpt>
			<trkpt lat="-37.757929566118435" lon="144.98589422009653">
				<ele>47.59544366970658</ele>
				<time>2026-08-05T12:13:54Z</time>
			</trkpt>
			<trkpt lat="-37.757947312238414" lon="144.98604534765462">
				<ele>47.58775438833982</ele>
				<time>2026-08-05T12:13:55Z</time>
			</trkpt>
			<trkpt lat="-37.75796327318306" lon="144.98619880752707">
				<ele>47.423725632950664</ele>
				<time>2026-08-05T12:13:56Z</time>
			</trkpt>
			<trkpt lat="-37.75798056177522" lon="144.98635194759797">
				<ele>47.42442805506289</ele>
				<time>2026-08-05T12:13:57Z</time>
			</trkpt>
			<trkpt lat="-37.75799821649554" lon="144.98650018243674">
				<ele>47.19150470755994</ele>
				<time>2026-08-05T12:13:58Z</time>
			</trkpt>
			<trkpt lat="-37.75801455627006" lon="144.98664490112847">
				<ele>46.98996693082154</ele>
				<time>2026-08-05T12:13:59Z</time>
			</trkpt>
			<trkpt lat="-37.75803052889151" lon="144.98678596120232">
				<ele>46.817491041496396</ele>
				<time>2026-08-05T12:14:00Z</time>
			</trkpt>
			<trkpt lat="-37.758045897594506" lon="144.9869297003257">
				<ele>46.51653565932065</ele>
				<time>2026-08-05T12:14:01Z</time>
			</trkpt>
			<trkpt lat="-37.75806025643953" lon="144.987072742049">
				<ele>46.122614161111414</ele>
				<time>2026-08-05T12:14:02Z</time>
			</trkpt>
			<trkpt lat="-37.75807407536006" lon="144.9872126064317">
				<ele>45.88528529647738</ele>
				<time>2026-08-05T12:14:03Z</time>
			</trkpt>
			<trkpt lat="-37.758087329606504" lon="144.98734687670432">
				<ele>45.619082836434245</ele>
				<time>2026-08-05T12:14:04Z</time>
			</trkpt>
			<trkpt lat="-37.75810102809304" lon="144.98747941858872">
				<ele>45.64942758530378</ele>
				<time>2026-08-05T12:14:05Z</time>
			</trkpt>
			<trkpt lat="-37.758115269073464" lon="144.98761643358213">
				<ele>45.69165744911879</ele>
				<time>2026-08-05T12:14:06Z</time>
			</trkpt>
			<trkpt lat="-37.75813095379127" lon="144.98775726602477">
				<ele>45.90411851275712</ele>
				<time>2026-08-05T12:14:07Z</time>
			</trkpt>
			<trkpt lat="-37.75814983169005" lon="144.98789864537238">
				<ele>46.134647611528635</ele>
				<time>2026-08-05T12:14:08Z</time>
			</trkpt>
			<trkpt lat="-37.75816805567063" lon="144.98803871494985">
				<ele>46.781266804784536</ele>
				<time>2026-08-05T12:14:09Z</time>
			</trkpt>
			<trkpt lat="-37.758185149104364" lon="144.98818039834273">
				<ele>46.83470229431987</ele>
				<time>2026-08-05T12:14:10Z</time>
			</trkpt>
			<trkpt lat="-37.7582019065169" lon="144.98832233657726">
				<ele>46.740978826768696</ele>
				<time>2026-08-05T12:14:11Z</time>
			</trkpt>
			<trkpt lat="-37.75821809030912" lon="144.9884652000375">
				<ele>46.901120806112885</ele>
				<time>2026-08-05T12:14:12Z</time>
			</trkpt>
			<trkpt lat="-37.75823412574798" lon="144.98860628755241">
				<ele>47.08832636475563</ele>
				<time>2026-08-05T12:14:13Z</time>
			</trkpt>
			<trkpt lat="-37.75825041212542" lon="144.9887473483192">
				<ele>47.09062364231795</ele>
				<time>2026-08-05T12:14:14Z</time>
			</trkpt>
			<trkpt lat="-37.75826668484191" lon="144.98888788312956">
				<ele>47.17266434896737</ele>
				<time>2026-08-05T12:14:15Z</time>
			</trkpt>
			<trkpt lat="-37.75826615691476" lon="144.98903039412662">
				<ele>47.32817149255425</ele>
				<time>2026-08-05T12:14:16Z</time>
			</trkpt>
			<trkpt lat="-37.7582814722242" lon="144.98916440308994">
				<ele>47.43067245092243</ele>
				<time>2026-08-05T12:14:17Z</time>
			</trkpt>
			<trkpt lat="-37.75831317357061" lon="144.98929638279412">
				<ele>47.4771778229624</ele>
				<time>2026-08-05T12:14:18Z</time>
			</trkpt>
			<trkpt lat="-37.75832831338365" lon="144.98943225030806">
				<ele>47.52228818554431</ele>
				<time>2026-08-05T12:14:19Z</time>
			</trkpt>
			<trkpt lat="-37.758344251218745" lon="144.9895683427224">
				<ele>47.56369038391858</ele>
				<time>2026-08-05T12:14:20Z</time>
			</trkpt>
			<trkpt lat="-37.75834439097925" lon="144.98970760010212">
				<ele>47.70154486596584</ele>
				<time>2026-08-05T12:14:21Z</time>
			</trkpt>
			<trkpt lat="-37.75836024197214" lon="144.9898439586948">
				<ele>47.63398441020399</ele>
				<time>2026-08-05T12:14:22Z</time>
			</trkpt>
			<trkpt lat="-37.75837618521618" lon="144.9899811108814">
				<ele>47.62394821550697</ele>
				<time>2026-08-05T12:14:23Z</time>
			</trkpt>
			<trkpt lat="-37.7583923263415" lon="144.99011996533838">
				<ele>47.60016705002636</ele>
				<time>2026-08-05T12:14:24Z</time>
			</trkpt>
			<trkpt lat="-37.75840873171432" lon="144.99026059043467">
				<ele>47.73895560670644</ele>
				<time>2026-08-05T12:14:25Z</time>
			</trkpt>
			<trkpt lat="-37.758425230077826" lon="144.9904017792483">
				<ele>47.72599767334759</ele>
				<time>2026-08-05T12:14:26Z</time>
			</trkpt>
			<trkpt lat="-37.758441852725824" lon="144.99054403165547">
				<ele>47.745838896371424</ele>
				<time>2026-08-05T12:14:27Z</time>
			</trkpt>
			<trkpt lat="-37.75847422772489" lon="144.99068440724247">
				<ele>47.94703513011336</ele>
				<time>2026-08-05T12:14:28Z</time>
			</trkpt>
			<trkpt lat="-37.75849039404348" lon="144.99082757464976">
				<ele>48.11603028792888</ele>
				<time>2026-08-05T12:14:29Z</time>
			</trkpt>
			<trkpt lat="-37.758506778046915" lon="144.99097097669394">
				<ele>48.24636986013502</ele>
				<time>2026-08-05T12:14:30Z</time>
			</trkpt>
			<trkpt lat="-37.75852426235131" lon="144.9911148818835">
				<ele>48.43755884747952</ele>
				<time>2026-08-05T12:14:31Z</time>
			</trkpt>
			<trkpt lat="-37.75854133999445" lon="144.99125859487842">
				<ele>48.70261592883617</ele>
				<time>2026-08-05T12:14:32Z</time>
			</trkpt>
			<trkpt lat="-37.75854231306061" lon="144.99140485407872">
				<ele>48.820268348790705</ele>
				<time>2026-08-05T12:14:33Z</time>
			</trkpt>
			<trkpt lat="-37.7585751054229" lon="144.99154357021567">
				<ele>49.15468736831099</ele>
				<time>2026-08-05T12:14:34Z</time>
			</trkpt>
			<trkpt lat="-37.75857500398007" lon="144.9916884048128">
				<ele>49.50925047509372</ele>
				<time>2026-08-05T12:14:35Z</time>
			</trkpt>
			<trkpt lat="-37.75859078976925" lon="144.99182626133694">
				<ele>49.76255595590919</ele>
				<time>2026-08-05T12:14:36Z</time>
			</trkpt>
			<trkpt lat="-37.75860601760497" lon="144.99195924531344">
				<ele>49.990367479622364</ele>
				<time>2026-08-05T12:14:37Z</time>
			</trkpt>
			<trkpt lat="-37.75862054978749" lon="144.9920861541896">
				<ele>50.10894614085555</ele>
				<time>2026-08-05T12:14:38Z</time>
			</trkpt>
			<trkpt lat="-37.758634370465785" lon="144.99220684953607">
				<ele>50.365756964311004</ele>
				<time>2026-08-05T12:14:39Z</time>
			</trkpt>
			<trkpt lat="-37.758647661034814" lon="144.99232493241945">
				<ele>50.63397504389286</ele>
				<time>2026-08-05T12:14:40Z</time>
			</trkpt>
			<trkpt lat="-37.75866020985154" lon="144.99243932769522">
				<ele>50.84468660224229</ele>
				<time>2026-08-05T12:14:41Z</time>
			</trkpt>
			<trkpt lat="-37.75868978831286" lon="144.99254686636542">
				<ele>51.09090995695442</ele>
				<time>2026-08-05T12:14:42Z</time>
			</trkpt>
			<trkpt lat="-37.758700037698645" lon="144.99265256059738">
				<ele>51.28118932619691</ele>
				<time>2026-08-05T12:14:43Z</time>
			</trkpt>
			<trkpt lat="-37.75870625855225" lon="144.99273757523693">
				<ele>51.40583964344114</ele>
				<time>2026-08-05T12:14:44Z</time>
			</trkpt>
			<trkpt lat="-37.75870846005147" lon="144.99279760560196">
				<ele>51.54444515798241</ele>
				<time>2026-08-05T12:14:45Z</time>
			</trkpt>
			<trkpt lat="-37.75870908576346" lon="144.99283535460432">
				<ele>51.609771884046495</ele>
				<time>2026-08-05T12:14:46Z</time>
			</trkpt>
			<trkpt lat="-37.75871405686894" lon="144.99285835795098">
				<ele>52.30870344489813</ele>
				<time>2026-08-05T12:14:51Z</time>
			</trkpt>
			<trkpt lat="-37.758713151765804" lon="144.99291301431276">
				<ele>51.86174810025841</ele>
				<time>2026-08-05T12:15:45Z</time>
			</trkpt>
			<trkpt lat="-37.758718326719915" lon="144.9929726344935">
				<ele>52.07640159223229</ele>
				<time>2026-08-05T12:15:46Z</time>
			</trkpt>
			<trkpt lat="-37.75872214616713" lon="144.99303663534414">
				<ele>52.28919331356883</ele>
				<time>2026-08-05T12:15:47Z</time>
			</trkpt>
			<trkpt lat="-37.758723661901406" lon="144.9931085621816">
				<ele>52.500311652198434</ele>
				<time>2026-08-05T12:15:48Z</time>
			</trkpt>
			<trkpt lat="-37.758722632431365" lon="144.993199465327">
				<ele>52.75542842596769</ele>
				<time>2026-08-05T12:15:49Z</time>
			</trkpt>
			<trkpt lat="-37.7587199178371" lon="144.9933024424372">
				<ele>52.8258819617331</ele>
				<time>2026-08-05T12:15:50Z</time>
			</trkpt>
			<trkpt lat="-37.75871998047275" lon="144.99341032083467">
				<ele>52.96893701516092</ele>
				<time>2026-08-05T12:15:51Z</time>
			</trkpt>
			<trkpt lat="-37.75872599233889" lon="144.99352347598335">
				<ele>52.93762282375246</ele>
				<time>2026-08-05T12:15:52Z</time>
			</trkpt>
			<trkpt lat="-37.75874196331236" lon="144.99363977086531">
				<ele>52.711842498742044</ele>
				<time>2026-08-05T12:15:53Z</time>
			</trkpt>
			<trkpt lat="-37.758763348450906" lon="144.99376163264577">
				<ele>52.67538411356509</ele>
				<time>2026-08-05T12:15:54Z</time>
			</trkpt>
			<trkpt lat="-37.75878187843456" lon="144.9938872737914">
				<ele>52.946008178405464</ele>
				<time>2026-08-05T12:15:55Z</time>
			</trkpt>
			<trkpt lat="-37.758799947514966" lon="144.99401929209188">
				<ele>53.06158068776131</ele>
				<time>2026-08-05T12:15:56Z</time>
			</trkpt>
			<trkpt lat="-37.75881596082375" lon="144.99415155661384">
				<ele>53.17396891862154</ele>
				<time>2026-08-05T12:15:57Z</time>
			</trkpt>
			<trkpt lat="-37.758830044326245" lon="144.99428313798927">
				<ele>53.36744600068778</ele>
				<time>2026-08-05T12:15:58Z</time>
			</trkpt>
			<trkpt lat="-37.75884490455675" lon="144.99441405985863">
				<ele>53.64165791589767</ele>
				<time>2026-08-05T12:15:59Z</time>
			</trkpt>
			<trkpt lat="-37.7588580319724" lon="144.9945467120416">
				<ele>53.639881622977555</ele>
				<time>2026-08-05T12:16:00Z</time>
			</trkpt>
			<trkpt lat="-37.75887512304188" lon="144.99467952646586">
				<ele>53.993155701085925</ele>
				<time>2026-08-05T12:16:01Z</time>
			</trkpt>
			<trkpt lat="-37.758892477197406" lon="144.99481487785962">
				<ele>54.17629257403314</ele>
				<time>2026-08-05T12:16:02Z</time>
			</trkpt>
			<trkpt lat="-37.7589097052669" lon="144.9949539206289">
				<ele>54.40335200820118</ele>
				<time>2026-08-05T12:16:03Z</time>
			</trkpt>
			<trkpt lat="-37.758925571528046" lon="144.99509752455137">
				<ele>54.677349152974784</ele>
				<time>2026-08-05T12:16:04Z</time>
			</trkpt>
			<trkpt lat="-37.7589423273641" lon="144.99524020486592">
				<ele>54.88933841325343</ele>
				<time>2026-08-05T12:16:05Z</time>
			</trkpt>
			<trkpt lat="-37.758958476705025" lon="144.99538392643126">
				<ele>55.075830350629985</ele>
				<time>2026-08-05T12:16:06Z</time>
			</trkpt>
			<trkpt lat="-37.75897584459945" lon="144.99552832793225">
				<ele>55.32205215934664</ele>
				<time>2026-08-05T12:16:07Z</time>
			</trkpt>
			<trkpt lat="-37.75899335170854" lon="144.9956745461643">
				<ele>55.53597314003855</ele>
				<time>2026-08-05T12:16:08Z</time>
			</trkpt>
			<trkpt lat="-37.75899805109088" lon="144.99582314556312">
				<ele>55.82683461345732</ele>
				<time>2026-08-05T12:16:09Z</time>
			</trkpt>
			<trkpt lat="-37.759014436923664" lon="144.99596713687802">
				<ele>56.06313043180853</ele>
				<time>2026-08-05T12:16:10Z</time>
			</trkpt>
			<trkpt lat="-37.75903058397592" lon="144.99611250089174">
				<ele>56.319273066706955</ele>
				<time>2026-08-05T12:16:11Z</time>
			</trkpt>
			<trkpt lat="-37.75904695246312" lon="144.9962574607674">
				<ele>56.59639272093773</ele>
				<time>2026-08-05T12:16:12Z</time>
			</trkpt>
			<trkpt lat="-37.75906275707608" lon="144.99640184789598">
				<ele>56.719879667274654</ele>
				<time>2026-08-05T12:16:13Z</time>
			</trkpt>
			<trkpt lat="-37.7590790814752" lon="144.99654389866882">
				<ele>56.913811806589365</ele>
				<time>2026-08-05T12:16:14Z</time>
			</trkpt>
			<trkpt lat="-37.75909517902605" lon="144.99668623954892">
				<ele>57.02848113235086</ele>
				<time>2026-08-05T12:16:15Z</time>
			</trkpt>
			<trkpt lat="-37.7591108736727" lon="144.99682243807112">
				<ele>57.22716088220477</ele>
				<time>2026-08-05T12:16:16Z</time>
			</trkpt>
			<trkpt lat="-37.75912645849419" lon="144.99695606083418">
				<ele>57.29986248165369</ele>
				<time>2026-08-05T12:16:17Z</time>
			</trkpt>
			<trkpt lat="-37.759141546838435" lon="144.99708866966682">
				<ele>57.35704140085727</ele>
				<time>2026-08-05T12:16:18Z</time>
			</trkpt>
			<trkpt lat="-37.75915547538626" lon="144.99721536959555">
				<ele>57.4952596873045</ele>
				<time>2026-08-05T12:16:19Z</time>
			</trkpt>
			<trkpt lat="-37.75916855586954" lon="144.99733261575818">
				<ele>57.486998192965984</ele>
				<time>2026-08-05T12:16:20Z</time>
			</trkpt>
			<trkpt lat="-37.75917745866546" lon="144.99742493108928">
				<ele>57.53848323971033</ele>
				<time>2026-08-05T12:16:21Z</time>
			</trkpt>
			<trkpt lat="-37.75918249498014" lon="144.99748273711532">
				<ele>57.56548521108925</ele>
				<time>2026-08-05T12:16:22Z</time>
			</trkpt>
			<trkpt lat="-37.759186236355305" lon="144.99751558797877">
				<ele>57.65634463913739</ele>
				<time>2026-08-05T12:16:23Z</time>
			</trkpt>
			<trkpt lat="-37.75918938894069" lon="144.99754008039298">
				<ele>57.630012357607484</ele>
				<time>2026-08-05T12:16:26Z</time>
			</trkpt>
			<trkpt lat="-37.75919168133571" lon="144.99757182394026">
				<ele>57.655347804538906</ele>
				<time>2026-08-05T12:16:30Z</time>
			</trkpt>
			<trkpt lat="-37.75919454730644" lon="144.9976085509274">
				<ele>57.591318239457905</ele>
				<time>2026-08-05T12:16:32Z</time>
			</trkpt>
			<trkpt lat="-37.7591969971741" lon="144.9976433192965">
				<ele>57.421935063786805</ele>
				<time>2026-08-05T12:16:34Z</time>
			</trkpt>
			<trkpt lat="-37.75919928904764" lon="144.9976733468865">
				<ele>57.36865330673754</ele>
				<time>2026-08-05T12:16:36Z</time>
			</trkpt>
			<trkpt lat="-37.75920242412614" lon="144.99771080697172">
				<ele>57.183052190579474</ele>
				<time>2026-08-05T12:16:38Z</time>
			</trkpt>
			<trkpt lat="-37.75920502341715" lon="144.99773736482672">
				<ele>57.21326264925301</ele>
				<time>2026-08-05T12:16:39Z</time>
			</trkpt>
			<trkpt lat="-37.75920948873761" lon="144.99777648565075">
				<ele>57.17398625891656</ele>
				<time>2026-08-05T12:16:40Z</time>
			</trkpt>
			<trkpt lat="-37.759215018145895" lon="144.997818369371">
				<ele>57.16609477531165</ele>
				<time>2026-08-05T12:16:41Z</time>
			</trkpt>
			<trkpt lat="-37.759219504390394" lon="144.99785201132713">
				<ele>57.26948568690568</ele>
				<time>2026-08-05T12:16:42Z</time>
			</trkpt>
			<trkpt lat="-37.75922260094522" lon="144.99788351986305">
				<ele>57.213382728397846</ele>
				<time>2026-08-05T12:16:43Z</time>
			</trkpt>
			<trkpt lat="-37.75922484541381" lon="144.9979077911779">
				<ele>57.20019975397736</ele>
				<time>2026-08-05T12:16:44Z</time>
			</trkpt>
			<trkpt lat="-37.759227089879005" lon="144.99793288488598">
				<ele>57.15591067634523</ele>
				<time>2026-08-05T12:16:45Z</time>
			</trkpt>
			<trkpt lat="-37.75923018400628" lon="144.9979670814272">
				<ele>57.16810313332826</ele>
				<time>2026-08-05T12:16:46Z</time>
			</trkpt>
			<trkpt lat="-37.75923474898293" lon="144.99801063859823">
				<ele>57.2146676434204</ele>
				<time>2026-08-05T12:16:47Z</time>
			</trkpt>
			<trkpt lat="-37.759240714303935" lon="144.9980598798727">
				<ele>57.21870385855436</ele>
				<time>2026-08-05T12:16:48Z</time>
			</trkpt>
			<trkpt lat="-37.75924771348192" lon="144.99811629752114">
				<ele>57.06550522707403</ele>
				<time>2026-08-05T12:16:49Z</time>
			</trkpt>
			<trkpt lat="-37.75925499904309" lon="144.99817162078313">
				<ele>57.065304558724165</ele>
				<time>2026-08-05T12:16:50Z</time>
			</trkpt>
			<trkpt lat="-37.759264485764355" lon="144.99823171270785">
				<ele>56.72859540395439</ele>
				<time>2026-08-05T12:16:51Z</time>
			</trkpt>
			<trkpt lat="-37.75927461155554" lon="144.99829192925975">
				<ele>56.590840610675514</ele>
				<time>2026-08-05T12:16:52Z</time>
			</trkpt>
			<trkpt lat="-37.759283338379944" lon="144.99835139694468">
				<ele>56.40601708833128</ele>
				<time>2026-08-05T12:16:53Z</time>
			</trkpt>
			<trkpt lat="-37.75929118727903" lon="144.99841036919423">
				<ele>56.30529786366969</ele>
				<time>2026-08-05T12:16:54Z</time>
			</trkpt>
			<trkpt lat="-37.75929822294008" lon="144.99846621574588">
				<ele>56.14285606890917</ele>
				<time>2026-08-05T12:16:55Z</time>
			</trkpt>
			<trkpt lat="-37.75930429428824" lon="144.99851972609412">
				<ele>56.056218774057925</ele>
				<time>2026-08-05T12:16:56Z</time>
			</trkpt>
			<trkpt lat="-37.75930992483032" lon="144.99857120907592">
				<ele>55.97606999985874</ele>
				<time>2026-08-05T12:16:57Z</time>
			</trkpt>
			<trkpt lat="-37.75931545243662" lon="144.99861724860307">
				<ele>55.82714383210987</ele>
				<time>2026-08-05T12:16:58Z</time>
			</trkpt>
			<trkpt lat="-37.75932104077902" lon="144.99866147493208">
				<ele>55.793837937526405</ele>
				<time>2026-08-05T12:16:59Z</time>
			</trkpt>
			<trkpt lat="-37.75932539198691" lon="144.99870425187314">
				<ele>55.71739585790783</ele>
				<time>2026-08-05T12:17:00Z</time>
			</trkpt>
			<trkpt lat="-37.759330258373076" lon="144.99874614747523">
				<ele>55.67160243820399</ele>
				<time>2026-08-05T12:17:01Z</time>
			</trkpt>
			<trkpt lat="-37.75933591184068" lon="144.99878904447115">
				<ele>55.71090434677899</ele>
				<time>2026-08-05T12:17:02Z</time>
			</trkpt>
			<trkpt lat="-37.75934040955608" lon="144.99883157088533">
				<ele>55.69923498202115</ele>
				<time>2026-08-05T12:17:03Z</time>
			</trkpt>
			<trkpt lat="-37.759345906193" lon="144.99887828965143">
				<ele>55.61807518452406</ele>
				<time>2026-08-05T12:17:04Z</time>
			</trkpt>
			<trkpt lat="-37.75935191366207" lon="144.99893379394862">
				<ele>55.54102727584541</ele>
				<time>2026-08-05T12:17:05Z</time>
			</trkpt>
			<trkpt lat="-37.759358959666585" lon="144.9989959189316">
				<ele>55.541710815392435</ele>
				<time>2026-08-05T12:17:06Z</time>
			</trkpt>
			<trkpt lat="-37.75936524067285" lon="144.9990638308869">
				<ele>55.350624242797494</ele>
				<time>2026-08-05T12:17:07Z</time>
			</trkpt>
			<trkpt lat="-37.75937320633956" lon="144.99913859028564">
				<ele>55.306818176060915</ele>
				<time>2026-08-05T12:17:08Z</time>
			</trkpt>
			<trkpt lat="-37.75938256618673" lon="144.9992183424139">
				<ele>55.32005976140499</ele>
				<time>2026-08-05T12:17:09Z</time>
			</trkpt>
			<trkpt lat="-37.75939219161737" lon="144.99930213245557">
				<ele>55.367115513421595</ele>
				<time>2026-08-05T12:17:10Z</time>
			</trkpt>
			<trkpt lat="-37.7593994750801" lon="144.99938968608234">
				<ele>55.35341290663928</ele>
				<time>2026-08-05T12:17:11Z</time>
			</trkpt>
			<trkpt lat="-37.75940687812457" lon="144.99947662144544">
				<ele>55.343728066422045</ele>
				<time>2026-08-05T12:17:12Z</time>
			</trkpt>
			<trkpt lat="-37.75941219857581" lon="144.9995614550202">
				<ele>55.19631421379745</ele>
				<time>2026-08-05T12:17:13Z</time>
			</trkpt>
			<trkpt lat="-37.759419075216655" lon="144.99964541138826">
				<ele>55.12423476204276</ele>
				<time>2026-08-05T12:17:14Z</time>
			</trkpt>
			<trkpt lat="-37.75942761908858" lon="144.99972725021883">
				<ele>55.011738748289645</ele>
				<time>2026-08-05T12:17:15Z</time>
			</trkpt>
			<trkpt lat="-37.75943590233362" lon="144.99980493039854">
				<ele>54.88994072843343</ele>
				<time>2026-08-05T12:17:16Z</time>
			</trkpt>
			<trkpt lat="-37.75944399342355" lon="144.99988180563227">
				<ele>54.85216688551009</ele>
				<time>2026-08-05T12:17:17Z</time>
			</trkpt>
			<trkpt lat="-37.75945118126298" lon="144.99995585318823">
				<ele>54.824372979812324</ele>
				<time>2026-08-05T12:17:18Z</time>
			</trkpt>
			<trkpt lat="-37.75945740814749" lon="145.0000154709077">
				<ele>54.81814656499773</ele>
				<time>2026-08-05T12:17:19Z</time>
			</trkpt>
			<trkpt lat="-37.75946485558593" lon="145.00005858089432">
				<ele>54.891551388427615</ele>
				<time>2026-08-05T12:17:20Z</time>
			</trkpt>
			<trkpt lat="-37.759473890884586" lon="145.00009401364144">
				<ele>54.916434209793806</ele>
				<time>2026-08-05T12:17:21Z</time>
			</trkpt>
			<trkpt lat="-37.75948356369883" lon="145.0001232555693">
				<ele>54.97961887624115</ele>
				<time>2026-08-05T12:17:22Z</time>
			</trkpt>
			<trkpt lat="-37.759491387456755" lon="145.00014672916143">
				<ele>55.04708475805819</ele>
				<time>2026-08-05T12:17:23Z</time>
			</trkpt>
			<trkpt lat="-37.759498379575554" lon="145.0001690016857">
				<ele>55.09147610608488</ele>
				<time>2026-08-05T12:17:25Z</time>
			</trkpt>
			<trkpt lat="-37.759506408656996" lon="145.00021125416964">
				<ele>56.530281693674624</ele>
				<time>2026-08-05T12:18:06Z</time>
			</trkpt>
			<trkpt lat="-37.75951052966809" lon="145.00024519055398">
				<ele>56.46146804280579</ele>
				<time>2026-08-05T12:18:07Z</time>
			</trkpt>
			<trkpt lat="-37.7595156945003" lon="145.0002853113017">
				<ele>56.420137842185795</ele>
				<time>2026-08-05T12:18:08Z</time>
			</trkpt>
			<trkpt lat="-37.759523154947736" lon="145.00032880090706">
				<ele>56.383079011924565</ele>
				<time>2026-08-05T12:18:09Z</time>
			</trkpt>
			<trkpt lat="-37.75951229157619" lon="145.0003721704284">
				<ele>56.38533800467849</ele>
				<time>2026-08-05T12:18:10Z</time>
			</trkpt>
			<trkpt lat="-37.75951699641076" lon="145.0004189349679">
				<ele>56.42634031176567</ele>
				<time>2026-08-05T12:18:11Z</time>
			</trkpt>
			<trkpt lat="-37.75952146532722" lon="145.00046335603963">
				<ele>56.387272286228836</ele>
				<time>2026-08-05T12:18:12Z</time>
			</trkpt>
			<trkpt lat="-37.75952993619774" lon="145.00048619480938">
				<ele>56.285516927950084</ele>
				<time>2026-08-05T12:18:13Z</time>
			</trkpt>
			<trkpt lat="-37.75965478252553" lon="145.0004840827495">
				<ele>56.256536551751196</ele>
				<time>2026-08-05T12:18:14Z</time>
			</trkpt>
			<trkpt lat="-37.759710914201115" lon="145.00047477622303">
				<ele>56.08988969121128</ele>
				<time>2026-08-05T12:18:15Z</time>
			</trkpt>
			<trkpt lat="-37.759773078258654" lon="145.00046206841492">
				<ele>56.10621162969619</ele>
				<time>2026-08-05T12:18:16Z</time>
			</trkpt>
			<trkpt lat="-37.75984222252787" lon="145.00044626268226">
				<ele>56.119654623791575</ele>
				<time>2026-08-05T12:18:17Z</time>
			</trkpt>
			<trkpt lat="-37.7599151574231" lon="145.0004327962886">
				<ele>56.121708893217146</ele>
				<time>2026-08-05T12:18:18Z</time>
			</trkpt>
			<trkpt lat="-37.75999240637327" lon="145.00041755766307">
				<ele>56.126746096648276</ele>
				<time>2026-08-05T12:18:19Z</time>
			</trkpt>
			<trkpt lat="-37.760074644343575" lon="145.00040352118185">
				<ele>56.01434416510165</ele>
				<time>2026-08-05T12:18:20Z</time>
			</trkpt>
			<trkpt lat="-37.760158837995796" lon="145.00038987501168">
				<ele>56.030730644240975</ele>
				<time>2026-08-05T12:18:21Z</time>
			</trkpt>
			<trkpt lat="-37.76024508524857" lon="145.00037521894532">
				<ele>56.00861910358071</ele>
				<time>2026-08-05T12:18:22Z</time>
			</trkpt>
			<trkpt lat="-37.76033271673843" lon="145.00035993054223">
				<ele>55.880419929511845</ele>
				<time>2026-08-05T12:18:23Z</time>
			</trkpt>
			<trkpt lat="-37.76042283494801" lon="145.00034481128452">
				<ele>55.761909345164895</ele>
				<time>2026-08-05T12:18:24Z</time>
			</trkpt>
			<trkpt lat="-37.76051354382057" lon="145.00033038538683">
				<ele>55.828889114782214</ele>
				<time>2026-08-05T12:18:25Z</time>
			</trkpt>
			<trkpt lat="-37.76060402569818" lon="145.00031530903584">
				<ele>55.61322682257742</ele>
				<time>2026-08-05T12:18:26Z</time>
			</trkpt>
			<trkpt lat="-37.76069416344869" lon="145.00029970035564">
				<ele>55.4666105536744</ele>
				<time>2026-08-05T12:18:27Z</time>
			</trkpt>
			<trkpt lat="-37.760783996294705" lon="145.0002847106696">
				<ele>55.271403189748526</ele>
				<time>2026-08-05T12:18:28Z</time>
			</trkpt>
			<trkpt lat="-37.76087283730399" lon="145.00026870233538">
				<ele>55.23787131719291</ele>
				<time>2026-08-05T12:18:29Z</time>
			</trkpt>
			<trkpt lat="-37.76096050623265" lon="145.00025470065395">
				<ele>55.07906963303685</ele>
				<time>2026-08-05T12:18:30Z</time>
			</trkpt>
			<trkpt lat="-37.761047407933994" lon="145.00023982979718">
				<ele>55.093239535577595</ele>
				<time>2026-08-05T12:18:31Z</time>
			</trkpt>
			<trkpt lat="-37.761134727156126" lon="145.00022487583124">
				<ele>55.0825885348022</ele>
				<time>2026-08-05T12:18:32Z</time>
			</trkpt>
			<trkpt lat="-37.761221309343796" lon="145.0002096785317">
				<ele>54.94406328629702</ele>
				<time>2026-08-05T12:18:33Z</time>
			</trkpt>
			<trkpt lat="-37.761306820665816" lon="145.00019404371102">
				<ele>54.86722353845835</ele>
				<time>2026-08-05T12:18:34Z</time>
			</trkpt>
			<trkpt lat="-37.761391897327265" lon="145.00017807374587">
				<ele>54.81331641599536</ele>
				<time>2026-08-05T12:18:35Z</time>
			</trkpt>
			<trkpt lat="-37.761476444924064" lon="145.00016454223294">
				<ele>54.75187412183732</ele>
				<time>2026-08-05T12:18:36Z</time>
			</trkpt>
			<trkpt lat="-37.76156018843092" lon="145.0001506990009">
				<ele>54.702042415738106</ele>
				<time>2026-08-05T12:18:37Z</time>
			</trkpt>
			<trkpt lat="-37.761643028847494" lon="145.0001361475791">
				<ele>54.509351236745715</ele>
				<time>2026-08-05T12:18:38Z</time>
			</trkpt>
			<trkpt lat="-37.76172598224114" lon="145.0001218915053">
				<ele>54.47636242490262</ele>
				<time>2026-08-05T12:18:39Z</time>
			</trkpt>
			<trkpt lat="-37.76180900373468" lon="145.00010720743813">
				<ele>54.284323217347264</ele>
				<time>2026-08-05T12:18:40Z</time>
			</trkpt>
			<trkpt lat="-37.76189155819214" lon="145.00009386121718">
				<ele>54.20048306323588</ele>
				<time>2026-08-05T12:18:41Z</time>
			</trkpt>
			<trkpt lat="-37.761976437616305" lon="145.00007985994878">
				<ele>54.00972332712263</ele>
				<time>2026-08-05T12:18:42Z</time>
			</trkpt>
			<trkpt lat="-37.76206160776855" lon="145.00006658919133">
				<ele>53.91064324323088</ele>
				<time>2026-08-05T12:18:43Z</time>
			</trkpt>
			<trkpt lat="-37.762147107224486" lon="145.00005208260777">
				<ele>53.80901758093387</ele>
				<time>2026-08-05T12:18:44Z</time>
			</trkpt>
			<trkpt lat="-37.762233142310464" lon="145.00003735643057">
				<ele>53.7742430716753</ele>
				<time>2026-08-05T12:18:45Z</time>
			</trkpt>
			<trkpt lat="-37.762318246117594" lon="145.00002267103807">
				<ele>53.67253074608743</ele>
				<time>2026-08-05T12:18:46Z</time>
			</trkpt>
			<trkpt lat="-37.762402475007384" lon="145.0000092370296">
				<ele>53.654883064329624</ele>
				<time>2026-08-05T12:18:47Z</time>
			</trkpt>
			<trkpt lat="-37.76248534833084" lon="144.99999492610505">
				<ele>53.56662311125547</ele>
				<time>2026-08-05T12:18:48Z</time>
			</trkpt>
			<trkpt lat="-37.762566824585605" lon="144.9999829380031">
				<ele>53.569531726650894</ele>
				<time>2026-08-05T12:18:49Z</time>
			</trkpt>
			<trkpt lat="-37.76264654010764" lon="144.9999759588187">
				<ele>53.48234495241195</ele>
				<time>2026-08-05T12:18:50Z</time>
			</trkpt>
			<trkpt lat="-37.762725942644934" lon="144.99997175111284">
				<ele>53.3020674418658</ele>
				<time>2026-08-05T12:18:51Z</time>
			</trkpt>
			<trkpt lat="-37.76280587221626" lon="144.9999661364934">
				<ele>53.06981195136905</ele>
				<time>2026-08-05T12:18:52Z</time>
			</trkpt>
			<trkpt lat="-37.76288479117802" lon="144.99995599875885">
				<ele>52.99863354489207</ele>
				<time>2026-08-05T12:18:53Z</time>
			</trkpt>
			<trkpt lat="-37.76296078451085" lon="144.9999443933245">
				<ele>52.9447073712945</ele>
				<time>2026-08-05T12:18:54Z</time>
			</trkpt>
			<trkpt lat="-37.76302201631134" lon="144.99993403961253">
				<ele>52.95913778897375</ele>
				<time>2026-08-05T12:18:55Z</time>
			</trkpt>
			<trkpt lat="-37.76306525850548" lon="144.9999271764295">
				<ele>52.97756365593523</ele>
				<time>2026-08-05T12:18:56Z</time>
			</trkpt>
			<trkpt lat="-37.763090922226" lon="144.9999231992011">
				<ele>53.14944639150053</ele>
				<time>2026-08-05T12:18:57Z</time>
			</trkpt>
			<trkpt lat="-37.763112262974275" lon="144.99991959880296">
				<ele>53.15658106375486</ele>
				<time>2026-08-05T12:18:59Z</time>
			</trkpt>
			<trkpt lat="-37.76315624218251" lon="144.9999140675278">
				<ele>53.022876324132085</ele>
				<time>2026-08-05T12:19:01Z</time>
			</trkpt>
			<trkpt lat="-37.76318847543376" lon="144.99991474691527">
				<ele>53.01673022471368</ele>
				<time>2026-08-05T12:19:02Z</time>
			</trkpt>
			<trkpt lat="-37.76321511617212" lon="144.99992920713362">
				<ele>53.160382157191634</ele>
				<time>2026-08-05T12:19:03Z</time>
			</trkpt>
			<trkpt lat="-37.763242020785356" lon="145.00000846297934">
				<ele>53.42281824443489</ele>
				<time>2026-08-05T12:19:05Z</time>
			</trkpt>
			<trkpt lat="-37.76325390106538" lon="145.00007215284415">
				<ele>53.39766799751669</ele>
				<time>2026-08-05T12:19:06Z</time>
			</trkpt>
			<trkpt lat="-37.76326445124402" lon="145.00015103634695">
				<ele>53.259844035841525</ele>
				<time>2026-08-05T12:19:07Z</time>
			</trkpt>
			<trkpt lat="-37.763274503713305" lon="145.000241841934">
				<ele>53.20381076261401</ele>
				<time>2026-08-05T12:19:08Z</time>
			</trkpt>
			<trkpt lat="-37.763286728330336" lon="145.0003407691004">
				<ele>53.18688328471035</ele>
				<time>2026-08-05T12:19:09Z</time>
			</trkpt>
			<trkpt lat="-37.76330117684958" lon="145.0004472104518">
				<ele>53.21664374694228</ele>
				<time>2026-08-05T12:19:10Z</time>
			</trkpt>
			<trkpt lat="-37.763315423516744" lon="145.00055846991046">
				<ele>53.21811137534678</ele>
				<time>2026-08-05T12:19:11Z</time>
			</trkpt>
			<trkpt lat="-37.763327226768794" lon="145.00067366729854">
				<ele>53.074576053768396</ele>
				<time>2026-08-05T12:19:12Z</time>
			</trkpt>
			<trkpt lat="-37.76333892290257" lon="145.000792024456">
				<ele>52.894558229483664</ele>
				<time>2026-08-05T12:19:13Z</time>
			</trkpt>
			<trkpt lat="-37.763352353704214" lon="145.00091207337005">
				<ele>52.79323434084654</ele>
				<time>2026-08-05T12:19:14Z</time>
			</trkpt>
			<trkpt lat="-37.76336630069595" lon="145.00103097084605">
				<ele>52.763324986211956</ele>
				<time>2026-08-05T12:19:15Z</time>
			</trkpt>
			<trkpt lat="-37.76337997473906" lon="145.0011533497123">
				<ele>52.78005412500352</ele>
				<time>2026-08-05T12:19:16Z</time>
			</trkpt>
			<trkpt lat="-37.763394575512926" lon="145.00128104382782">
				<ele>52.81753472518176</ele>
				<time>2026-08-05T12:19:17Z</time>
			</trkpt>
			<trkpt lat="-37.7634090067723" lon="145.00141128817108">
				<ele>52.8126119626686</ele>
				<time>2026-08-05T12:19:18Z</time>
			</trkpt>
			<trkpt lat="-37.76342474303149" lon="145.00154190767662">
				<ele>52.98749771248549</ele>
				<time>2026-08-05T12:19:19Z</time>
			</trkpt>
			<trkpt lat="-37.76343957559413" lon="145.00167439702363">
				<ele>52.70467984303832</ele>
				<time>2026-08-05T12:19:20Z</time>
			</trkpt>
			<trkpt lat="-37.763453757171995" lon="145.00180857305628">
				<ele>52.95020821969956</ele>
				<time>2026-08-05T12:19:21Z</time>
			</trkpt>
			<trkpt lat="-37.76346909851202" lon="145.00194607737964">
				<ele>53.04410838428885</ele>
				<time>2026-08-05T12:19:22Z</time>
			</trkpt>
			<trkpt lat="-37.76348326640246" lon="145.00208650121658">
				<ele>53.282602148130536</ele>
				<time>2026-08-05T12:19:23Z</time>
			</trkpt>
			<trkpt lat="-37.763498590735296" lon="145.0022285382697">
				<ele>53.46612740959972</ele>
				<time>2026-08-05T12:19:24Z</time>
			</trkpt>
			<trkpt lat="-37.76351571418902" lon="145.00237330886824">
				<ele>53.6876578303054</ele>
				<time>2026-08-05T12:19:25Z</time>
			</trkpt>
			<trkpt lat="-37.76353268418407" lon="145.00251919887864">
				<ele>53.64129802118987</ele>
				<time>2026-08-05T12:19:26Z</time>
			</trkpt>
			<trkpt lat="-37.763548834523704" lon="145.0026647736674">
				<ele>53.99337591230869</ele>
				<time>2026-08-05T12:19:27Z</time>
			</trkpt>
			<trkpt lat="-37.76356470378928" lon="145.00281007784815">
				<ele>54.25782409962267</ele>
				<time>2026-08-05T12:19:28Z</time>
			</trkpt>
			<trkpt lat="-37.76358027510736" lon="145.00295634555226">
				<ele>54.647884383797646</ele>
				<time>2026-08-05T12:19:29Z</time>
			</trkpt>
			<trkpt lat="-37.76359607399753" lon="145.0031000881921">
				<ele>54.99666231684387</ele>
				<time>2026-08-05T12:19:30Z</time>
			</trkpt>
			<trkpt lat="-37.76361157490225" lon="145.00324239788176">
				<ele>55.414961230009794</ele>
				<time>2026-08-05T12:19:31Z</time>
			</trkpt>
			<trkpt lat="-37.76362694179177" lon="145.00338420973887">
				<ele>55.71163076534867</ele>
				<time>2026-08-05T12:19:32Z</time>
			</trkpt>
			<trkpt lat="-37.76364147023344" lon="145.00352574024055">
				<ele>56.03046253323555</ele>
				<time>2026-08-05T12:19:33Z</time>
			</trkpt>
			<trkpt lat="-37.763656070446615" lon="145.00366569433632">
				<ele>56.316448857076466</ele>
				<time>2026-08-05T12:19:34Z</time>
			</trkpt>
			<trkpt lat="-37.76367089175044" lon="145.00380217458653">
				<ele>56.690677049569786</ele>
				<time>2026-08-05T12:19:35Z</time>
			</trkpt>
			<trkpt lat="-37.763685238923706" lon="145.00393561221222">
				<ele>56.94588090106845</ele>
				<time>2026-08-05T12:19:36Z</time>
			</trkpt>
			<trkpt lat="-37.76369956921916" lon="145.004068052943">
				<ele>57.241175377741456</ele>
				<time>2026-08-05T12:19:37Z</time>
			</trkpt>
			<trkpt lat="-37.76371357617312" lon="145.00419848961263">
				<ele>57.44992606062442</ele>
				<time>2026-08-05T12:19:38Z</time>
			</trkpt>
			<trkpt lat="-37.76372705970927" lon="145.0043298701899">
				<ele>57.670174188911915</ele>
				<time>2026-08-05T12:19:39Z</time>
			</trkpt>
			<trkpt lat="-37.763741844435096" lon="145.00446474877518">
				<ele>57.790146961808205</ele>
				<time>2026-08-05T12:19:40Z</time>
			</trkpt>
			<trkpt lat="-37.76375651070524" lon="145.00460138056263">
				<ele>57.86339396610856</ele>
				<time>2026-08-05T12:19:41Z</time>
			</trkpt>
			<trkpt lat="-37.76377162560433" lon="145.00474003259524">
				<ele>58.009881294332445</ele>
				<time>2026-08-05T12:19:42Z</time>
			</trkpt>
			<trkpt lat="-37.76378832301819" lon="145.00487898908088">
				<ele>58.06678150780499</ele>
				<time>2026-08-05T12:19:43Z</time>
			</trkpt>
			<trkpt lat="-37.76380261828759" lon="145.00501963063047">
				<ele>58.12594550754875</ele>
				<time>2026-08-05T12:19:44Z</time>
			</trkpt>
			<trkpt lat="-37.763815684120765" lon="145.00515699511314">
				<ele>58.17246108315885</ele>
				<time>2026-08-05T12:19:45Z</time>
			</trkpt>
			<trkpt lat="-37.7638261279718" lon="145.00528710348962">
				<ele>58.338849077001214</ele>
				<time>2026-08-05T12:19:46Z</time>
			</trkpt>
			<trkpt lat="-37.763838780388845" lon="145.0054126310183">
				<ele>58.59095715172589</ele>
				<time>2026-08-05T12:19:47Z</time>
			</trkpt>
			<trkpt lat="-37.76385402408152" lon="145.00554082268064">
				<ele>58.520519237965345</ele>
				<time>2026-08-05T12:19:48Z</time>
			</trkpt>
			<trkpt lat="-37.76387029525666" lon="145.005671278431">
				<ele>58.57395946327597</ele>
				<time>2026-08-05T12:19:49Z</time>
			</trkpt>
			<trkpt lat="-37.763888086479476" lon="145.00580398502166">
				<ele>58.79193292558193</ele>
				<time>2026-08-05T12:19:50Z</time>
			</trkpt>
			<trkpt lat="-37.76390564422445" lon="145.00593851024422">
				<ele>58.8923200359568</ele>
				<time>2026-08-05T12:19:51Z</time>
			</trkpt>
			<trkpt lat="-37.7639227161186" lon="145.00607522296494">
				<ele>59.04847213346511</ele>
				<time>2026-08-05T12:19:52Z</time>
			</trkpt>
			<trkpt lat="-37.76393937029396" lon="145.006214678559">
				<ele>59.085266939364374</ele>
				<time>2026-08-05T12:19:53Z</time>
			</trkpt>
			<trkpt lat="-37.76395664772923" lon="145.00635323632918">
				<ele>59.23915205150843</ele>
				<time>2026-08-05T12:19:54Z</time>
			</trkpt>
			<trkpt lat="-37.76397000408315" lon="145.00649033230752">
				<ele>59.322397550567985</ele>
				<time>2026-08-05T12:19:55Z</time>
			</trkpt>
			<trkpt lat="-37.76398472050596" lon="145.00662594248848">
				<ele>59.41712266393006</ele>
				<time>2026-08-05T12:19:56Z</time>
			</trkpt>
			<trkpt lat="-37.76400017891319" lon="145.00676214555085">
				<ele>59.490005450323224</ele>
				<time>2026-08-05T12:19:57Z</time>
			</trkpt>
			<trkpt lat="-37.76401444121644" lon="145.00689969602882">
				<ele>59.62944134045392</ele>
				<time>2026-08-05T12:19:58Z</time>
			</trkpt>
			<trkpt lat="-37.76402927854576" lon="145.00703665767332">
				<ele>59.803093300201</ele>
				<time>2026-08-05T12:19:59Z</time>
			</trkpt>
			<trkpt lat="-37.76404341256605" lon="145.00717429322447">
				<ele>59.91047345101833</ele>
				<time>2026-08-05T12:20:00Z</time>
			</trkpt>
			<trkpt lat="-37.764057921877395" lon="145.00731099810955">
				<ele>60.185629517771304</ele>
				<time>2026-08-05T12:20:01Z</time>
			</trkpt>
			<trkpt lat="-37.76407305935489" lon="145.0074489711693">
				<ele>60.277625761926174</ele>
				<time>2026-08-05T12:20:02Z</time>
			</trkpt>
			<trkpt lat="-37.76408923607089" lon="145.00758442472505">
				<ele>60.58181664906442</ele>
				<time>2026-08-05T12:20:03Z</time>
			</trkpt>
			<trkpt lat="-37.764105314784835" lon="145.0077201897248">
				<ele>60.600585100241005</ele>
				<time>2026-08-05T12:20:04Z</time>
			</trkpt>
			<trkpt lat="-37.7641212434483" lon="145.00785313471383">
				<ele>60.84937354363501</ele>
				<time>2026-08-05T12:20:05Z</time>
			</trkpt>
			<trkpt lat="-37.76413684963061" lon="145.00798436382962">
				<ele>61.08849916048348</ele>
				<time>2026-08-05T12:20:06Z</time>
			</trkpt>
			<trkpt lat="-37.76415027702684" lon="145.00811457120147">
				<ele>61.233543019741774</ele>
				<time>2026-08-05T12:20:07Z</time>
			</trkpt>
			<trkpt lat="-37.764163647284796" lon="145.00824407834375">
				<ele>61.03993565309793</ele>
				<time>2026-08-05T12:20:08Z</time>
			</trkpt>
			<trkpt lat="-37.76417712638547" lon="145.00837627584377">
				<ele>60.90533761121333</ele>
				<time>2026-08-05T12:20:09Z</time>
			</trkpt>
			<trkpt lat="-37.76419126269698" lon="145.0085118338092">
				<ele>60.61098979692906</ele>
				<time>2026-08-05T12:20:10Z</time>
			</trkpt>
			<trkpt lat="-37.76420761976013" lon="145.00864910055174">
				<ele>60.265835671685636</ele>
				<time>2026-08-05T12:20:11Z</time>
			</trkpt>
			<trkpt lat="-37.764222701546636" lon="145.0087867717876">
				<ele>59.641717561520636</ele>
				<time>2026-08-05T12:20:12Z</time>
			</trkpt>
			<trkpt lat="-37.76423788567904" lon="145.0089224270608">
				<ele>59.1404794305563</ele>
				<time>2026-08-05T12:20:13Z</time>
			</trkpt>
			<trkpt lat="-37.76425222526491" lon="145.0090583018532">
				<ele>58.51643919106573</ele>
				<time>2026-08-05T12:20:14Z</time>
			</trkpt>
			<trkpt lat="-37.76426680112289" lon="145.00919558428538">
				<ele>57.993078742176294</ele>
				<time>2026-08-05T12:20:15Z</time>
			</trkpt>
			<trkpt lat="-37.764281011972535" lon="145.00933537104925">
				<ele>57.42703928705305</ele>
				<time>2026-08-05T12:20:16Z</time>
			</trkpt>
			<trkpt lat="-37.76429472209296" lon="145.00947552369627">
				<ele>56.8677930617705</ele>
				<time>2026-08-05T12:20:17Z</time>
			</trkpt>
			<trkpt lat="-37.76431053830245" lon="145.0096160195388">
				<ele>56.3373341076076</ele>
				<time>2026-08-05T12:20:18Z</time>
			</trkpt>
			<trkpt lat="-37.764325627642066" lon="145.0097596747723">
				<ele>55.766450247727334</ele>
				<time>2026-08-05T12:20:19Z</time>
			</trkpt>
			<trkpt lat="-37.764341756861" lon="145.00990550509647">
				<ele>55.34717350080609</ele>
				<time>2026-08-05T12:20:20Z</time>
			</trkpt>
			<trkpt lat="-37.764357525136546" lon="145.01005251498478">
				<ele>54.843604009598494</ele>
				<time>2026-08-05T12:20:21Z</time>
			</trkpt>
			<trkpt lat="-37.76437261125736" lon="145.0101999691187">
				<ele>54.32179822959006</ele>
				<time>2026-08-05T12:20:22Z</time>
			</trkpt>
			<trkpt lat="-37.76438672086358" lon="145.0103437884827">
				<ele>53.993508911691606</ele>
				<time>2026-08-05T12:20:23Z</time>
			</trkpt>
			<trkpt lat="-37.76440250925306" lon="145.01048505018917">
				<ele>53.3933158069849</ele>
				<time>2026-08-05T12:20:24Z</time>
			</trkpt>
			<trkpt lat="-37.76441621370307" lon="145.0106164300866">
				<ele>52.97400435898453</ele>
				<time>2026-08-05T12:20:25Z</time>
			</trkpt>
			<trkpt lat="-37.764429711019865" lon="145.01074360297613">
				<ele>52.49106037337333</ele>
				<time>2026-08-05T12:20:26Z</time>
			</trkpt>
			<trkpt lat="-37.76444271774197" lon="145.0108680896976">
				<ele>51.974684339016676</ele>
				<time>2026-08-05T12:20:27Z</time>
			</trkpt>
			<trkpt lat="-37.7644555341746" lon="145.01099019628438">
				<ele>51.50926249101758</ele>
				<time>2026-08-05T12:20:28Z</time>
			</trkpt>
			<trkpt lat="-37.764467556482685" lon="145.01110954189946">
				<ele>50.95883081108332</ele>
				<time>2026-08-05T12:20:29Z</time>
			</trkpt>
			<trkpt lat="-37.764479823560315" lon="145.01122646420959">
				<ele>50.38203561026603</ele>
				<time>2026-08-05T12:20:30Z</time>
			</trkpt>
			<trkpt lat="-37.76449227806282" lon="145.01134132627618">
				<ele>49.87808938790113</ele>
				<time>2026-08-05T12:20:31Z</time>
			</trkpt>
			<trkpt lat="-37.76450292759041" lon="145.01145651378388">
				<ele>49.48853824287653</ele>
				<time>2026-08-05T12:20:32Z</time>
			</trkpt>
			<trkpt lat="-37.76451171955227" lon="145.01157605650928">
				<ele>48.98563448525965</ele>
				<time>2026-08-05T12:20:33Z</time>
			</trkpt>
			<trkpt lat="-37.76452181030863" lon="145.01169923669525">
				<ele>48.688352605327964</ele>
				<time>2026-08-05T12:20:34Z</time>
			</trkpt>
			<trkpt lat="-37.76453302461746" lon="145.01182333458775">
				<ele>48.3040286116302</ele>
				<time>2026-08-05T12:20:35Z</time>
			</trkpt>
			<trkpt lat="-37.76454604651342" lon="145.0119469219448">
				<ele>48.01405194122344</ele>
				<time>2026-08-05T12:20:36Z</time>
			</trkpt>
			<trkpt lat="-37.764561020050515" lon="145.01207285821212">
				<ele>47.61910377629101</ele>
				<time>2026-08-05T12:20:37Z</time>
			</trkpt>
			<trkpt lat="-37.764576514037486" lon="145.01220047988093">
				<ele>47.5672531016171</ele>
				<time>2026-08-05T12:20:38Z</time>
			</trkpt>
			<trkpt lat="-37.7645924427235" lon="145.01232912829923">
				<ele>47.435571550391614</ele>
				<time>2026-08-05T12:20:39Z</time>
			</trkpt>
			<trkpt lat="-37.764606532932774" lon="145.01245707840198">
				<ele>47.08757946267724</ele>
				<time>2026-08-05T12:20:40Z</time>
			</trkpt>
			<trkpt lat="-37.76462122395476" lon="145.01258600087556">
				<ele>46.816428512334824</ele>
				<time>2026-08-05T12:20:41Z</time>
			</trkpt>
			<trkpt lat="-37.76463565725827" lon="145.01271305483957">
				<ele>46.69503569137305</ele>
				<time>2026-08-05T12:20:42Z</time>
			</trkpt>
			<trkpt lat="-37.76465009318025" lon="145.0128406422426">
				<ele>46.691004232503474</ele>
				<time>2026-08-05T12:20:43Z</time>
			</trkpt>
			<trkpt lat="-37.76466523472851" lon="145.01296959722745">
				<ele>46.649643851444125</ele>
				<time>2026-08-05T12:20:44Z</time>
			</trkpt>
			<trkpt lat="-37.76468085798852" lon="145.0130987619353">
				<ele>46.69027840346098</ele>
				<time>2026-08-05T12:20:45Z</time>
			</trkpt>
			<trkpt lat="-37.76469656823999" lon="145.01322677847878">
				<ele>46.7450053030625</ele>
				<time>2026-08-05T12:20:46Z</time>
			</trkpt>
			<trkpt lat="-37.76471070878997" lon="145.01335514763707">
				<ele>46.888317910023034</ele>
				<time>2026-08-05T12:20:47Z</time>
			</trkpt>
			<trkpt lat="-37.76472299049256" lon="145.01348444977285">
				<ele>46.894153917208314</ele>
				<time>2026-08-05T12:20:48Z</time>
			</trkpt>
			<trkpt lat="-37.76473638386276" lon="145.01361529547884">
				<ele>46.994179711677134</ele>
				<time>2026-08-05T12:20:49Z</time>
			</trkpt>
			<trkpt lat="-37.76475026482305" lon="145.01374957038405">
				<ele>47.026495763100684</ele>
				<time>2026-08-05T12:20:50Z</time>
			</trkpt>
			<trkpt lat="-37.76476466801939" lon="145.01388687267786">
				<ele>47.11149475071579</ele>
				<time>2026-08-05T12:20:51Z</time>
			</trkpt>
			<trkpt lat="-37.76478125751051" lon="145.0140288370591">
				<ele>47.24492163863033</ele>
				<time>2026-08-05T12:20:52Z</time>
			</trkpt>
			<trkpt lat="-37.764797736534504" lon="145.014172390233">
				<ele>47.3676366135478</ele>
				<time>2026-08-05T12:20:53Z</time>
			</trkpt>
			<trkpt lat="-37.76481271544321" lon="145.01431781901047">
				<ele>47.50635451078415</ele>
				<time>2026-08-05T12:20:54Z</time>
			</trkpt>
			<trkpt lat="-37.76482721875456" lon="145.01446544623184">
				<ele>47.50009312760085</ele>
				<time>2026-08-05T12:20:55Z</time>
			</trkpt>
			<trkpt lat="-37.764842896831745" lon="145.0146153487556">
				<ele>47.41741305869073</ele>
				<time>2026-08-05T12:20:56Z</time>
			</trkpt>
			<trkpt lat="-37.76485874857008" lon="145.01476618277403">
				<ele>47.424552427604795</ele>
				<time>2026-08-05T12:20:57Z</time>
			</trkpt>
			<trkpt lat="-37.76487465290136" lon="145.01491756597693">
				<ele>47.482348300516605</ele>
				<time>2026-08-05T12:20:58Z</time>
			</trkpt>
			<trkpt lat="-37.76489110551571" lon="145.01507085533942">
				<ele>47.57218703813851</ele>
				<time>2026-08-05T12:20:59Z</time>
			</trkpt>
			<trkpt lat="-37.76490844399904" lon="145.01522535486998">
				<ele>47.516067878343165</ele>
				<time>2026-08-05T12:21:00Z</time>
			</trkpt>
			<trkpt lat="-37.764925571919434" lon="145.0153804096197">
				<ele>47.50602603983134</ele>
				<time>2026-08-05T12:21:01Z</time>
			</trkpt>
			<trkpt lat="-37.76494108257845" lon="145.01553563914018">
				<ele>47.547911941073835</ele>
				<time>2026-08-05T12:21:02Z</time>
			</trkpt>
			<trkpt lat="-37.76495683431541" lon="145.01569052650328">
				<ele>47.626708287745714</ele>
				<time>2026-08-05T12:21:03Z</time>
			</trkpt>
			<trkpt lat="-37.764972592436024" lon="145.01584587740024">
				<ele>47.58838780783117</ele>
				<time>2026-08-05T12:21:04Z</time>
			</trkpt>
			<trkpt lat="-37.764990562985595" lon="145.0160016040904">
				<ele>47.469664386473596</ele>
				<time>2026-08-05T12:21:05Z</time>
			</trkpt>
			<trkpt lat="-37.76500793364084" lon="145.0161543051079">
				<ele>47.52495975513011</ele>
				<time>2026-08-05T12:21:06Z</time>
			</trkpt>
			<trkpt lat="-37.76502419185236" lon="145.01630667901753">
				<ele>47.562542067840695</ele>
				<time>2026-08-05T12:21:07Z</time>
			</trkpt>
			<trkpt lat="-37.76504063163055" lon="145.01645971404315">
				<ele>47.64654951542616</ele>
				<time>2026-08-05T12:21:08Z</time>
			</trkpt>
			<trkpt lat="-37.76505826093383" lon="145.01661296616862">
				<ele>47.786462942138314</ele>
				<time>2026-08-05T12:21:09Z</time>
			</trkpt>
			<trkpt lat="-37.76507442814406" lon="145.01676395854366">
				<ele>47.88420168682933</ele>
				<time>2026-08-05T12:21:10Z</time>
			</trkpt>
			<trkpt lat="-37.76508900127786" lon="145.01691478726886">
				<ele>47.9339571679011</ele>
				<time>2026-08-05T12:21:11Z</time>
			</trkpt>
			<trkpt lat="-37.765103281599664" lon="145.01706446573155">
				<ele>48.02210552431643</ele>
				<time>2026-08-05T12:21:12Z</time>
			</trkpt>
			<trkpt lat="-37.76511845624233" lon="145.0172142138531">
				<ele>47.99083753954619</ele>
				<time>2026-08-05T12:21:13Z</time>
			</trkpt>
			<trkpt lat="-37.76513421132911" lon="145.01736290343">
				<ele>48.1213331380859</ele>
				<time>2026-08-05T12:21:14Z</time>
			</trkpt>
			<trkpt lat="-37.76515045730991" lon="145.01751199934122">
				<ele>48.22503269370645</ele>
				<time>2026-08-05T12:21:15Z</time>
			</trkpt>
			<trkpt lat="-37.76516660802691" lon="145.01766180538758">
				<ele>48.18730200268328</ele>
				<time>2026-08-05T12:21:16Z</time>
			</trkpt>
			<trkpt lat="-37.76518382378346" lon="145.01781151265456">
				<ele>48.34672998636961</ele>
				<time>2026-08-05T12:21:17Z</time>
			</trkpt>
			<trkpt lat="-37.765201553805504" lon="145.01795985523447">
				<ele>48.46577473822981</ele>
				<time>2026-08-05T12:21:18Z</time>
			</trkpt>
			<trkpt lat="-37.765216647317125" lon="145.0181082660504">
				<ele>48.522206663154066</ele>
				<time>2026-08-05T12:21:19Z</time>
			</trkpt>
			<trkpt lat="-37.76523151247762" lon="145.01825535422356">
				<ele>48.466075411997736</ele>
				<time>2026-08-05T12:21:20Z</time>
			</trkpt>
			<trkpt lat="-37.76524668297832" lon="145.01840270191846">
				<ele>48.41884500719607</ele>
				<time>2026-08-05T12:21:21Z</time>
			</trkpt>
			<trkpt lat="-37.765263030057156" lon="145.01855010415463">
				<ele>48.605436445213854</ele>
				<time>2026-08-05T12:21:22Z</time>
			</trkpt>
			<trkpt lat="-37.76527817640236" lon="145.01869510353407">
				<ele>48.64123675972223</ele>
				<time>2026-08-05T12:21:23Z</time>
			</trkpt>
			<trkpt lat="-37.765292425252944" lon="145.01883927274835">
				<ele>48.70846853964031</ele>
				<time>2026-08-05T12:21:24Z</time>
			</trkpt>
			<trkpt lat="-37.76530797577472" lon="145.01898225157657">
				<ele>48.68859630450606</ele>
				<time>2026-08-05T12:21:25Z</time>
			</trkpt>
			<trkpt lat="-37.76532341789606" lon="145.01912298231662">
				<ele>48.72925875429064</ele>
				<time>2026-08-05T12:21:26Z</time>
			</trkpt>
			<trkpt lat="-37.765337790089156" lon="145.01926175615756">
				<ele>48.869759949855506</ele>
				<time>2026-08-05T12:21:27Z</time>
			</trkpt>
			<trkpt lat="-37.765350759421366" lon="145.01939818939334">
				<ele>48.92539959214628</ele>
				<time>2026-08-05T12:21:28Z</time>
			</trkpt>
			<trkpt lat="-37.7653609868381" lon="145.01953015398837">
				<ele>49.072112277150154</ele>
				<time>2026-08-05T12:21:29Z</time>
			</trkpt>
			<trkpt lat="-37.765371989155696" lon="145.0196590375067">
				<ele>49.36706545576453</ele>
				<time>2026-08-05T12:21:30Z</time>
			</trkpt>
			<trkpt lat="-37.765383319271436" lon="145.01978589284158">
				<ele>49.64661195781082</ele>
				<time>2026-08-05T12:21:31Z</time>
			</trkpt>
			<trkpt lat="-37.76539487233213" lon="145.01990694898626">
				<ele>49.980797092430294</ele>
				<time>2026-08-05T12:21:32Z</time>
			</trkpt>
			<trkpt lat="-37.765404810912194" lon="145.0200165835485">
				<ele>50.225965378805995</ele>
				<time>2026-08-05T12:21:33Z</time>
			</trkpt>
			<trkpt lat="-37.765412624203854" lon="145.02009976185025">
				<ele>50.37254468072206</ele>
				<time>2026-08-05T12:21:34Z</time>
			</trkpt>
			<trkpt lat="-37.76541815925827" lon="145.02015733151384">
				<ele>50.462743343785405</ele>
				<time>2026-08-05T12:21:35Z</time>
			</trkpt>
			<trkpt lat="-37.76542231453812" lon="145.02018814216393">
				<ele>50.6245953720063</ele>
				<time>2026-08-05T12:21:36Z</time>
			</trkpt>
			<trkpt lat="-37.76544423417336" lon="145.02023015478554">
				<ele>49.94471441023052</ele>
				<time>2026-08-05T12:21:38Z</time>
			</trkpt>
			<trkpt lat="-37.76544125457269" lon="145.02020176499258">
				<ele>50.3523217998445</ele>
				<time>2026-08-05T12:21:39Z</time>
			</trkpt>
			<trkpt lat="-37.765453404339276" lon="145.02036572004238">
				<ele>50.64832437224686</ele>
				<time>2026-08-05T12:22:00Z</time>
			</trkpt>
			<trkpt lat="-37.765463163598" lon="145.0204523912774">
				<ele>50.61886463407427</ele>
				<time>2026-08-05T12:22:01Z</time>
			</trkpt>
			<trkpt lat="-37.765475222137454" lon="145.0205588761765">
				<ele>50.505834012292325</ele>
				<time>2026-08-05T12:22:02Z</time>
			</trkpt>
			<trkpt lat="-37.765486617958324" lon="145.0206810857067">
				<ele>50.53878320008516</ele>
				<time>2026-08-05T12:22:03Z</time>
			</trkpt>
			<trkpt lat="-37.765501755256324" lon="145.0208228283694">
				<ele>50.80199862923473</ele>
				<time>2026-08-05T12:22:04Z</time>
			</trkpt>
			<trkpt lat="-37.765519261314516" lon="145.02098352649577">
				<ele>50.88646351080388</ele>
				<time>2026-08-05T12:22:05Z</time>
			</trkpt>
			<trkpt lat="-37.76553879469876" lon="145.02115296740217">
				<ele>50.906662721186876</ele>
				<time>2026-08-05T12:22:06Z</time>
			</trkpt>
			<trkpt lat="-37.76555495486175" lon="145.02131392811748">
				<ele>50.74021511152387</ele>
				<time>2026-08-05T12:22:07Z</time>
			</trkpt>
			<trkpt lat="-37.7655730642788" lon="145.02147742446894">
				<ele>50.40422612428665</ele>
				<time>2026-08-05T12:22:08Z</time>
			</trkpt>
			<trkpt lat="-37.76559192347765" lon="145.02164364596385">
				<ele>50.25729237869382</ele>
				<time>2026-08-05T12:22:09Z</time>
			</trkpt>
			<trkpt lat="-37.76561042367651" lon="145.02181053084496">
				<ele>50.13188589178026</ele>
				<time>2026-08-05T12:22:10Z</time>
			</trkpt>
			<trkpt lat="-37.76562741192258" lon="145.02197516805225">
				<ele>50.33377198316157</ele>
				<time>2026-08-05T12:22:11Z</time>
			</trkpt>
			<trkpt lat="-37.76564362206631" lon="145.02213516779443">
				<ele>50.34695967659354</ele>
				<time>2026-08-05T12:22:12Z</time>
			</trkpt>
			<trkpt lat="-37.76566140274011" lon="145.02229337855894">
				<ele>50.53525226190686</ele>
				<time>2026-08-05T12:22:13Z</time>
			</trkpt>
			<trkpt lat="-37.7656772036852" lon="145.0224565840919">
				<ele>51.143927186727524</ele>
				<time>2026-08-05T12:22:14Z</time>
			</trkpt>
			<trkpt lat="-37.76568971234243" lon="145.0226179616331">
				<ele>51.68366404995322</ele>
				<time>2026-08-05T12:22:15Z</time>
			</trkpt>
			<trkpt lat="-37.765697482628994" lon="145.02277728164856">
				<ele>52.01333122700453</ele>
				<time>2026-08-05T12:22:16Z</time>
			</trkpt>
			<trkpt lat="-37.765707097887045" lon="145.02293918992464">
				<ele>52.0903080990538</ele>
				<time>2026-08-05T12:22:17Z</time>
			</trkpt>
			<trkpt lat="-37.76572048050163" lon="145.02310418234683">
				<ele>52.1758331740275</ele>
				<time>2026-08-05T12:22:18Z</time>
			</trkpt>
			<trkpt lat="-37.76573741285464" lon="145.02327332473044">
				<ele>51.88798749540001</ele>
				<time>2026-08-05T12:22:19Z</time>
			</trkpt>
			<trkpt lat="-37.765756057477624" lon="145.02344700822715">
				<ele>51.486570224165916</ele>
				<time>2026-08-05T12:22:20Z</time>
			</trkpt>
			<trkpt lat="-37.76577322568877" lon="145.02362468209157">
				<ele>51.03300413675606</ele>
				<time>2026-08-05T12:22:21Z</time>
			</trkpt>
			<trkpt lat="-37.7657904254422" lon="145.023807436005">
				<ele>50.62384110223502</ele>
				<time>2026-08-05T12:22:22Z</time>
			</trkpt>
			<trkpt lat="-37.76581014001731" lon="145.02399462368652">
				<ele>50.183155751787126</ele>
				<time>2026-08-05T12:22:23Z</time>
			</trkpt>
			<trkpt lat="-37.7658300205546" lon="145.02418660809687">
				<ele>49.788059457205236</ele>
				<time>2026-08-05T12:22:24Z</time>
			</trkpt>
			<trkpt lat="-37.76585128568132" lon="145.0243821944457">
				<ele>49.47883848566562</ele>
				<time>2026-08-05T12:22:25Z</time>
			</trkpt>
			<trkpt lat="-37.76587418678035" lon="145.02457885283266">
				<ele>49.48362790513784</ele>
				<time>2026-08-05T12:22:26Z</time>
			</trkpt>
			<trkpt lat="-37.7659007624119" lon="145.02477290745523">
				<ele>49.46901497896761</ele>
				<time>2026-08-05T12:22:27Z</time>
			</trkpt>
			<trkpt lat="-37.76593166458145" lon="145.02496408382478">
				<ele>49.499710185453296</ele>
				<time>2026-08-05T12:22:28Z</time>
			</trkpt>
			<trkpt lat="-37.76596270659757" lon="145.0251550833381">
				<ele>49.56195153109729</ele>
				<time>2026-08-05T12:22:29Z</time>
			</trkpt>
			<trkpt lat="-37.7659886990698" lon="145.02534916241484">
				<ele>49.557179065421224</ele>
				<time>2026-08-05T12:22:30Z</time>
			</trkpt>
			<trkpt lat="-37.766011104476135" lon="145.02554217742068">
				<ele>49.4219982214272</ele>
				<time>2026-08-05T12:22:31Z</time>
			</trkpt>
			<trkpt lat="-37.766029908657075" lon="145.0257272026687">
				<ele>49.40088576171547</ele>
				<time>2026-08-05T12:22:32Z</time>
			</trkpt>
			<trkpt lat="-37.76604713271878" lon="145.02590436032233">
				<ele>49.47618119418621</ele>
				<time>2026-08-05T12:22:33Z</time>
			</trkpt>
			<trkpt lat="-37.76606348717929" lon="145.02607311099572">
				<ele>49.5270668650046</ele>
				<time>2026-08-05T12:22:34Z</time>
			</trkpt>
			<trkpt lat="-37.76607835317688" lon="145.02623099351254">
				<ele>49.63412814307958</ele>
				<time>2026-08-05T12:22:35Z</time>
			</trkpt>
			<trkpt lat="-37.76609233341745" lon="145.0263776212552">
				<ele>49.62475210800767</ele>
				<time>2026-08-05T12:22:36Z</time>
			</trkpt>
			<trkpt lat="-37.76610582401329" lon="145.02651173489278">
				<ele>49.63643893226981</ele>
				<time>2026-08-05T12:22:37Z</time>
			</trkpt>
			<trkpt lat="-37.766120344913865" lon="145.02663377395686">
				<ele>49.64379274379462</ele>
				<time>2026-08-05T12:22:38Z</time>
			</trkpt>
			<trkpt lat="-37.76613260465072" lon="145.02674427150117">
				<ele>49.603312597610056</ele>
				<time>2026-08-05T12:22:39Z</time>
			</trkpt>
			<trkpt lat="-37.76614298033626" lon="145.02684167109598">
				<ele>49.59828520845622</ele>
				<time>2026-08-05T12:22:40Z</time>
			</trkpt>
			<trkpt lat="-37.76615118791222" lon="145.0269270382706">
				<ele>49.55254862178117</ele>
				<time>2026-08-05T12:22:41Z</time>
			</trkpt>
			<trkpt lat="-37.76615868839546" lon="145.0269969099375">
				<ele>49.65685244649649</ele>
				<time>2026-08-05T12:22:42Z</time>
			</trkpt>
			<trkpt lat="-37.766165091333555" lon="145.02705526019687">
				<ele>49.69639846030623</ele>
				<time>2026-08-05T12:22:43Z</time>
			</trkpt>
			<trkpt lat="-37.76617040282138" lon="145.02710288092769">
				<ele>49.699657957069576</ele>
				<time>2026-08-05T12:22:44Z</time>
			</trkpt>
			<trkpt lat="-37.7661749255266" lon="145.0271415812475">
				<ele>49.701200840994716</ele>
				<time>2026-08-05T12:22:45Z</time>
			</trkpt>
			<trkpt lat="-37.76617830865956" lon="145.02717005913243">
				<ele>49.75371868070215</ele>
				<time>2026-08-05T12:22:46Z</time>
			</trkpt>
			<trkpt lat="-37.76618212079819" lon="145.02719496855775">
				<ele>49.788920669816434</ele>
				<time>2026-08-05T12:22:48Z</time>
			</trkpt>
			<trkpt lat="-37.76618773560847" lon="145.02725447225387">
				<ele>49.13247060868889</ele>
				<time>2026-08-05T12:23:08Z</time>
			</trkpt>
			<trkpt lat="-37.76619621363125" lon="145.02732367281487">
				<ele>49.41411596443504</ele>
				<time>2026-08-05T12:23:09Z</time>
			</trkpt>
			<trkpt lat="-37.766191865642206" lon="145.0273950210252">
				<ele>49.33468351792544</ele>
				<time>2026-08-05T12:23:10Z</time>
			</trkpt>
			<trkpt lat="-37.76619789327557" lon="145.02744719730563">
				<ele>49.46514346729964</ele>
				<time>2026-08-05T12:23:11Z</time>
			</trkpt>
			<trkpt lat="-37.766211627399834" lon="145.02747863702825">
				<ele>48.93798643629998</ele>
				<time>2026-08-05T12:23:12Z</time>
			</trkpt>
			<trkpt lat="-37.76637678654942" lon="145.0274530779246">
				<ele>48.795437957160175</ele>
				<time>2026-08-05T12:23:13Z</time>
			</trkpt>
			<trkpt lat="-37.76645346668166" lon="145.0274368739531">
				<ele>48.49058017972857</ele>
				<time>2026-08-05T12:23:14Z</time>
			</trkpt>
			<trkpt lat="-37.766541672543866" lon="145.02741780462384">
				<ele>48.53620832879096</ele>
				<time>2026-08-05T12:23:15Z</time>
			</trkpt>
			<trkpt lat="-37.76664137774591" lon="145.02739482446606">
				<ele>48.622712306678295</ele>
				<time>2026-08-05T12:23:16Z</time>
			</trkpt>
			<trkpt lat="-37.76674969369497" lon="145.02737352658514">
				<ele>48.32598002906889</ele>
				<time>2026-08-05T12:23:17Z</time>
			</trkpt>
			<trkpt lat="-37.76686061352973" lon="145.0273497761186">
				<ele>47.93135611899197</ele>
				<time>2026-08-05T12:23:18Z</time>
			</trkpt>
			<trkpt lat="-37.76697454804564" lon="145.02732451636243">
				<ele>47.74399791751057</ele>
				<time>2026-08-05T12:23:19Z</time>
			</trkpt>
			<trkpt lat="-37.76709190834346" lon="145.02729594351743">
				<ele>47.61706005316228</ele>
				<time>2026-08-05T12:23:20Z</time>
			</trkpt>
			<trkpt lat="-37.767206920819035" lon="145.0272702146589">
				<ele>47.59505755454302</ele>
				<time>2026-08-05T12:23:21Z</time>
			</trkpt>
			<trkpt lat="-37.76731867083035" lon="145.02724767053266">
				<ele>47.238561731763184</ele>
				<time>2026-08-05T12:23:22Z</time>
			</trkpt>
			<trkpt lat="-37.767432303345814" lon="145.02722530060367">
				<ele>46.97840819321573</ele>
				<time>2026-08-05T12:23:23Z</time>
			</trkpt>
			<trkpt lat="-37.767546157687335" lon="145.02720563166895">
				<ele>46.829892008565366</ele>
				<time>2026-08-05T12:23:24Z</time>
			</trkpt>
			<trkpt lat="-37.767659818102544" lon="145.0271887568765">
				<ele>46.632747534662485</ele>
				<time>2026-08-05T12:23:25Z</time>
			</trkpt>
			<trkpt lat="-37.7677717987625" lon="145.02717041581573">
				<ele>46.49981956742704</ele>
				<time>2026-08-05T12:23:26Z</time>
			</trkpt>
			<trkpt lat="-37.76788511307935" lon="145.027151008469">
				<ele>46.409278764389455</ele>
				<time>2026-08-05T12:23:27Z</time>
			</trkpt>
			<trkpt lat="-37.76800076347573" lon="145.02712855955215">
				<ele>46.24095988459885</ele>
				<time>2026-08-05T12:23:28Z</time>
			</trkpt>
			<trkpt lat="-37.76811775824526" lon="145.02710428909762">
				<ele>46.235848906449974</ele>
				<time>2026-08-05T12:23:29Z</time>
			</trkpt>
			<trkpt lat="-37.76823400193533" lon="145.02708100447813">
				<ele>46.13384067546576</ele>
				<time>2026-08-05T12:23:30Z</time>
			</trkpt>
			<trkpt lat="-37.768353059556226" lon="145.02705876908098">
				<ele>45.91128541249782</ele>
				<time>2026-08-05T12:23:31Z</time>
			</trkpt>
			<trkpt lat="-37.768474116838874" lon="145.02703628742736">
				<ele>45.745057665742934</ele>
				<time>2026-08-05T12:23:32Z</time>
			</trkpt>
			<trkpt lat="-37.76860017794484" lon="145.02701430778393">
				<ele>45.64046398643404</ele>
				<time>2026-08-05T12:23:33Z</time>
			</trkpt>
			<trkpt lat="-37.7687301027888" lon="145.02699119155702">
				<ele>45.45647871680558</ele>
				<time>2026-08-05T12:23:34Z</time>
			</trkpt>
			<trkpt lat="-37.7688627864491" lon="145.02696782390657">
				<ele>45.38633097708225</ele>
				<time>2026-08-05T12:23:35Z</time>
			</trkpt>
			<trkpt lat="-37.76899805676824" lon="145.026943501539">
				<ele>45.26407298538834</ele>
				<time>2026-08-05T12:23:36Z</time>
			</trkpt>
			<trkpt lat="-37.769131493996625" lon="145.02691973012617">
				<ele>45.212628102861345</ele>
				<time>2026-08-05T12:23:37Z</time>
			</trkpt>
			<trkpt lat="-37.76926607810752" lon="145.02689557356402">
				<ele>44.83809155598283</ele>
				<time>2026-08-05T12:23:38Z</time>
			</trkpt>
			<trkpt lat="-37.76940173120996" lon="145.02687109986192">
				<ele>44.65620695054531</ele>
				<time>2026-08-05T12:23:39Z</time>
			</trkpt>
			<trkpt lat="-37.76953864366195" lon="145.02684612035998">
				<ele>44.493383214809</ele>
				<time>2026-08-05T12:23:40Z</time>
			</trkpt>
			<trkpt lat="-37.76967426949785" lon="145.02682291323174">
				<ele>44.43090288899839</ele>
				<time>2026-08-05T12:23:41Z</time>
			</trkpt>
			<trkpt lat="-37.76980920252848" lon="145.02679902584188">
				<ele>44.20878628268838</ele>
				<time>2026-08-05T12:23:42Z</time>
			</trkpt>
			<trkpt lat="-37.76994790751958" lon="145.02677666692915">
				<ele>44.115217100828886</ele>
				<time>2026-08-05T12:23:43Z</time>
			</trkpt>
			<trkpt lat="-37.77008937187314" lon="145.0267549514998">
				<ele>44.20512987859547</ele>
				<time>2026-08-05T12:23:44Z</time>
			</trkpt>
			<trkpt lat="-37.770230166108306" lon="145.02673174626696">
				<ele>44.39027375075966</ele>
				<time>2026-08-05T12:23:45Z</time>
			</trkpt>
			<trkpt lat="-37.770366085815404" lon="145.02670755209482">
				<ele>44.47584313247353</ele>
				<time>2026-08-05T12:23:46Z</time>
			</trkpt>
			<trkpt lat="-37.77049944372584" lon="145.02668219164306">
				<ele>44.47048296779394</ele>
				<time>2026-08-05T12:23:47Z</time>
			</trkpt>
			<trkpt lat="-37.77063327199616" lon="145.026656881594">
				<ele>44.325421918183565</ele>
				<time>2026-08-05T12:23:48Z</time>
			</trkpt>
			<trkpt lat="-37.770767570429406" lon="145.0266316928909">
				<ele>44.159911503084004</ele>
				<time>2026-08-05T12:23:49Z</time>
			</trkpt>
			<trkpt lat="-37.770901009409585" lon="145.02660682542867">
				<ele>44.01398515608162</ele>
				<time>2026-08-05T12:23:50Z</time>
			</trkpt>
			<trkpt lat="-37.77103195637342" lon="145.02658271707045">
				<ele>43.94712157174945</ele>
				<time>2026-08-05T12:23:51Z</time>
			</trkpt>
			<trkpt lat="-37.77116545012933" lon="145.02656030630484">
				<ele>43.79756812285632</ele>
				<time>2026-08-05T12:23:52Z</time>
			</trkpt>
			<trkpt lat="-37.771300049682885" lon="145.0265359964645">
				<ele>43.58916675671935</ele>
				<time>2026-08-05T12:23:53Z</time>
			</trkpt>
			<trkpt lat="-37.771436234825416" lon="145.02651238464514">
				<ele>43.52353642694652</ele>
				<time>2026-08-05T12:23:54Z</time>
			</trkpt>
			<trkpt lat="-37.7715701405736" lon="145.02648878648">
				<ele>43.36820636689663</ele>
				<time>2026-08-05T12:23:55Z</time>
			</trkpt>
			<trkpt lat="-37.77169770923769" lon="145.02646683892024">
				<ele>43.13107887748629</ele>
				<time>2026-08-05T12:23:56Z</time>
			</trkpt>
			<trkpt lat="-37.77181913252072" lon="145.02644410620815">
				<ele>42.82464797887951</ele>
				<time>2026-08-05T12:23:57Z</time>
			</trkpt>
			<trkpt lat="-37.7719379910628" lon="145.0264209347712">
				<ele>42.59855921380222</ele>
				<time>2026-08-05T12:23:58Z</time>
			</trkpt>
			<trkpt lat="-37.77206090376221" lon="145.02639816676216">
				<ele>42.192158523947</ele>
				<time>2026-08-05T12:23:59Z</time>
			</trkpt>
			<trkpt lat="-37.772189432983176" lon="145.02637764761624">
				<ele>41.85143811814487</ele>
				<time>2026-08-05T12:24:00Z</time>
			</trkpt>
			<trkpt lat="-37.772320461622535" lon="145.02635409152683">
				<ele>41.42052846122533</ele>
				<time>2026-08-05T12:24:01Z</time>
			</trkpt>
			<trkpt lat="-37.772455012385606" lon="145.02633017609728">
				<ele>40.8527434784919</ele>
				<time>2026-08-05T12:24:02Z</time>
			</trkpt>
			<trkpt lat="-37.772591349465685" lon="145.02630502724259">
				<ele>40.37970208004117</ele>
				<time>2026-08-05T12:24:03Z</time>
			</trkpt>
			<trkpt lat="-37.77273242330591" lon="145.02627886163347">
				<ele>39.81006886996329</ele>
				<time>2026-08-05T12:24:04Z</time>
			</trkpt>
			<trkpt lat="-37.77287545505214" lon="145.0262526113661">
				<ele>39.59268472902477</ele>
				<time>2026-08-05T12:24:05Z</time>
			</trkpt>
			<trkpt lat="-37.77301500781113" lon="145.0262265643289">
				<ele>39.137190667912364</ele>
				<time>2026-08-05T12:24:06Z</time>
			</trkpt>
			<trkpt lat="-37.773153050803636" lon="145.0262020105785">
				<ele>38.97385815810412</ele>
				<time>2026-08-05T12:24:07Z</time>
			</trkpt>
			<trkpt lat="-37.773291072391395" lon="145.02617623415816">
				<ele>38.653587045148015</ele>
				<time>2026-08-05T12:24:08Z</time>
			</trkpt>
			<trkpt lat="-37.773429982952216" lon="145.02614960548837">
				<ele>38.39961894787848</ele>
				<time>2026-08-05T12:24:09Z</time>
			</trkpt>
			<trkpt lat="-37.77357140593841" lon="145.02612438675254">
				<ele>38.211009465157986</ele>
				<time>2026-08-05T12:24:10Z</time>
			</trkpt>
			<trkpt lat="-37.77371515091693" lon="145.02609911915738">
				<ele>37.94336739834398</ele>
				<time>2026-08-05T12:24:11Z</time>
			</trkpt>
			<trkpt lat="-37.77386021546797" lon="145.02607261282057">
				<ele>37.87726459931582</ele>
				<time>2026-08-05T12:24:12Z</time>
			</trkpt>
			<trkpt lat="-37.774004813395024" lon="145.0260469624057">
				<ele>37.81058139260858</ele>
				<time>2026-08-05T12:24:13Z</time>
			</trkpt>
			<trkpt lat="-37.77414681545957" lon="145.0260184331331">
				<ele>37.828983107581735</ele>
				<time>2026-08-05T12:24:14Z</time>
			</trkpt>
			<trkpt lat="-37.77428671792898" lon="145.02599332202172">
				<ele>37.75363146606833</ele>
				<time>2026-08-05T12:24:15Z</time>
			</trkpt>
			<trkpt lat="-37.774424131940485" lon="145.0259677467766">
				<ele>37.689576911740005</ele>
				<time>2026-08-05T12:24:16Z</time>
			</trkpt>
			<trkpt lat="-37.77456008717845" lon="145.02594451834514">
				<ele>37.60678647365421</ele>
				<time>2026-08-05T12:24:17Z</time>
			</trkpt>
			<trkpt lat="-37.77469440164828" lon="145.02592173792146">
				<ele>37.60167275182903</ele>
				<time>2026-08-05T12:24:18Z</time>
			</trkpt>
			<trkpt lat="-37.77482693740498" lon="145.02589753520382">
				<ele>37.443884029984474</ele>
				<time>2026-08-05T12:24:19Z</time>
			</trkpt>
			<trkpt lat="-37.77495866232014" lon="145.0258752440046">
				<ele>37.515576160512865</ele>
				<time>2026-08-05T12:24:20Z</time>
			</trkpt>
			<trkpt lat="-37.775089395178355" lon="145.02585174920023">
				<ele>37.506335059180856</ele>
				<time>2026-08-05T12:24:21Z</time>
			</trkpt>
			<trkpt lat="-37.77521904187806" lon="145.02582700332655">
				<ele>37.397796959616244</ele>
				<time>2026-08-05T12:24:22Z</time>
			</trkpt>
			<trkpt lat="-37.775348583037875" lon="145.02580360173044">
				<ele>37.39525100309402</ele>
				<time>2026-08-05T12:24:23Z</time>
			</trkpt>
			<trkpt lat="-37.775477564503156" lon="145.02577938481568">
				<ele>37.38398051075637</ele>
				<time>2026-08-05T12:24:24Z</time>
			</trkpt>
			<trkpt lat="-37.77560612075434" lon="145.02575695534773">
				<ele>37.437626576051116</ele>
				<time>2026-08-05T12:24:25Z</time>
			</trkpt>
			<trkpt lat="-37.77573428371145" lon="145.02573362068026">
				<ele>37.32954473979771</ele>
				<time>2026-08-05T12:24:26Z</time>
			</trkpt>
			<trkpt lat="-37.7758616546657" lon="145.0257093576226">
				<ele>37.37750418949872</ele>
				<time>2026-08-05T12:24:27Z</time>
			</trkpt>
			<trkpt lat="-37.775990696238175" lon="145.02568770702985">
				<ele>37.3528504492715</ele>
				<time>2026-08-05T12:24:28Z</time>
			</trkpt>
			<trkpt lat="-37.77612408963825" lon="145.02566467645667">
				<ele>37.426342067308724</ele>
				<time>2026-08-05T12:24:29Z</time>
			</trkpt>
			<trkpt lat="-37.77626161811792" lon="145.02563952611703">
				<ele>37.31789699289948</ele>
				<time>2026-08-05T12:24:30Z</time>
			</trkpt>
			<trkpt lat="-37.776402142138686" lon="145.0256147548126">
				<ele>37.25134101789445</ele>
				<time>2026-08-05T12:24:31Z</time>
			</trkpt>
			<trkpt lat="-37.776544580700985" lon="145.02559079985883">
				<ele>37.22067407146096</ele>
				<time>2026-08-05T12:24:32Z</time>
			</trkpt>
			<trkpt lat="-37.77668835076195" lon="145.02556423475457">
				<ele>37.170509732328355</ele>
				<time>2026-08-05T12:24:33Z</time>
			</trkpt>
			<trkpt lat="-37.77683142218845" lon="145.0255386750091">
				<ele>37.11563215497881</ele>
				<time>2026-08-05T12:24:34Z</time>
			</trkpt>
			<trkpt lat="-37.7769750575462" lon="145.02551124931512">
				<ele>37.00977245718241</ele>
				<time>2026-08-05T12:24:35Z</time>
			</trkpt>
			<trkpt lat="-37.77711903814117" lon="145.02548451610943">
				<ele>36.97324915789068</ele>
				<time>2026-08-05T12:24:36Z</time>
			</trkpt>
			<trkpt lat="-37.77726560602412" lon="145.02545971391967">
				<ele>36.964515490457416</ele>
				<time>2026-08-05T12:24:37Z</time>
			</trkpt>
			<trkpt lat="-37.777413500521746" lon="145.02543572812826">
				<ele>37.17855654563755</ele>
				<time>2026-08-05T12:24:38Z</time>
			</trkpt>
			<trkpt lat="-37.7775629952947" lon="145.02540895321908">
				<ele>37.22680099401623</ele>
				<time>2026-08-05T12:24:39Z</time>
			</trkpt>
			<trkpt lat="-37.77771519828638" lon="145.02538102687373">
				<ele>37.35666269250214</ele>
				<time>2026-08-05T12:24:40Z</time>
			</trkpt>
			<trkpt lat="-37.777867908550704" lon="145.0253526712629">
				<ele>37.38439799565822</ele>
				<time>2026-08-05T12:24:41Z</time>
			</trkpt>
			<trkpt lat="-37.77801967684964" lon="145.02532443581083">
				<ele>37.28917108941823</ele>
				<time>2026-08-05T12:24:42Z</time>
			</trkpt>
			<trkpt lat="-37.77816720273377" lon="145.02529908677587">
				<ele>37.30875863041729</ele>
				<time>2026-08-05T12:24:43Z</time>
			</trkpt>
			<trkpt lat="-37.77830853373301" lon="145.0252737117549">
				<ele>37.32924347091466</ele>
				<time>2026-08-05T12:24:44Z</time>
			</trkpt>
			<trkpt lat="-37.77843495683456" lon="145.02524922071942">
				<ele>37.20718498900533</ele>
				<time>2026-08-05T12:24:45Z</time>
			</trkpt>
			<trkpt lat="-37.77854901229573" lon="145.0252315112243">
				<ele>37.02652337681502</ele>
				<time>2026-08-05T12:24:46Z</time>
			</trkpt>
			<trkpt lat="-37.77865115344198" lon="145.0252117763875">
				<ele>37.09771186672151</ele>
				<time>2026-08-05T12:24:47Z</time>
			</trkpt>
			<trkpt lat="-37.778739169265315" lon="145.02519523468206">
				<ele>37.01623772550374</ele>
				<time>2026-08-05T12:24:48Z</time>
			</trkpt>
			<trkpt lat="-37.77881404580809" lon="145.025180566523">
				<ele>37.00434999354184</ele>
				<time>2026-08-05T12:24:49Z</time>
			</trkpt>
			<trkpt lat="-37.77886983651238" lon="145.02516985335157">
				<ele>37.1298543671146</ele>
				<time>2026-08-05T12:24:50Z</time>
			</trkpt>
			<trkpt lat="-37.77889454488741" lon="145.0251653453429">
				<ele>37.00211901962757</ele>
				<time>2026-08-05T12:24:51Z</time>
			</trkpt>
			<trkpt lat="-37.77892325331942" lon="145.02516118027893">
				<ele>36.59692093823105</ele>
				<time>2026-08-05T12:25:04Z</time>
			</trkpt>
			<trkpt lat="-37.77897890364489" lon="145.02515080154055">
				<ele>36.53841050248593</ele>
				<time>2026-08-05T12:25:05Z</time>
			</trkpt>
			<trkpt lat="-37.77905203247245" lon="145.02513759955562">
				<ele>36.40680299513042</ele>
				<time>2026-08-05T12:25:06Z</time>
			</trkpt>
			<trkpt lat="-37.77913885633112" lon="145.02512148951672">
				<ele>36.445547870360315</ele>
				<time>2026-08-05T12:25:07Z</time>
			</trkpt>
			<trkpt lat="-37.779239103610486" lon="145.02510288599208">
				<ele>36.186402129009366</ele>
				<time>2026-08-05T12:25:08Z</time>
			</trkpt>
			<trkpt lat="-37.77935131981707" lon="145.02508219086832">
				<ele>35.93917518295348</ele>
				<time>2026-08-05T12:25:09Z</time>
			</trkpt>
			<trkpt lat="-37.77947449501342" lon="145.02505951174584">
				<ele>35.404733694158494</ele>
				<time>2026-08-05T12:25:10Z</time>
			</trkpt>
			<trkpt lat="-37.779605312445135" lon="145.02503640284993">
				<ele>35.085329678840935</ele>
				<time>2026-08-05T12:25:11Z</time>
			</trkpt>
			<trkpt lat="-37.779738391564926" lon="145.02501302689643">
				<ele>34.822267167270184</ele>
				<time>2026-08-05T12:25:12Z</time>
			</trkpt>
			<trkpt lat="-37.77987344384241" lon="145.02498813824968">
				<ele>34.64956551324576</ele>
				<time>2026-08-05T12:25:13Z</time>
			</trkpt>
			<trkpt lat="-37.780010806929724" lon="145.02496307851905">
				<ele>34.41634854581207</ele>
				<time>2026-08-05T12:25:14Z</time>
			</trkpt>
			<trkpt lat="-37.78014979698619" lon="145.02493824717575">
				<ele>34.361693502403796</ele>
				<time>2026-08-05T12:25:15Z</time>
			</trkpt>
			<trkpt lat="-37.78028782599542" lon="145.0249129852181">
				<ele>34.20250693522394</ele>
				<time>2026-08-05T12:25:16Z</time>
			</trkpt>
			<trkpt lat="-37.78042234633994" lon="145.02488826103414">
				<ele>34.13016504794359</ele>
				<time>2026-08-05T12:25:17Z</time>
			</trkpt>
			<trkpt lat="-37.78055308851685" lon="145.0248659618764">
				<ele>34.04326012264937</ele>
				<time>2026-08-05T12:25:18Z</time>
			</trkpt>
			<trkpt lat="-37.78068364089943" lon="145.0248422729125">
				<ele>33.888379856944084</ele>
				<time>2026-08-05T12:25:19Z</time>
			</trkpt>
			<trkpt lat="-37.78080966388039" lon="145.0248210091809">
				<ele>34.02995681762695</ele>
				<time>2026-08-05T12:25:20Z</time>
			</trkpt>
			<trkpt lat="-37.780924273757144" lon="145.0248140442191">
				<ele>34.121392528526485</ele>
				<time>2026-08-05T12:25:21Z</time>
			</trkpt>
			<trkpt lat="-37.78103279964543" lon="145.0248229027348">
				<ele>34.17438397463411</ele>
				<time>2026-08-05T12:25:22Z</time>
			</trkpt>
			<trkpt lat="-37.781133223846304" lon="145.02485300030907">
				<ele>34.07020739465952</ele>
				<time>2026-08-05T12:25:23Z</time>
			</trkpt>
			<trkpt lat="-37.781225349991004" lon="145.02489422980258">
				<ele>34.0007943008095</ele>
				<time>2026-08-05T12:25:24Z</time>
			</trkpt>
			<trkpt lat="-37.78131282508642" lon="145.0249343668226">
				<ele>33.845665206201375</ele>
				<time>2026-08-05T12:25:25Z</time>
			</trkpt>
			<trkpt lat="-37.781391860040664" lon="145.02496905500306">
				<ele>33.5585631178692</ele>
				<time>2026-08-05T12:25:26Z</time>
			</trkpt>
			<trkpt lat="-37.78145300430163" lon="145.02499548856235">
				<ele>33.42895430140197</ele>
				<time>2026-08-05T12:25:27Z</time>
			</trkpt>
			<trkpt lat="-37.78149664195433" lon="145.02501368083625">
				<ele>33.35690794605762</ele>
				<time>2026-08-05T12:25:28Z</time>
			</trkpt>
			<trkpt lat="-37.78153357827879" lon="145.02502949982352">
				<ele>33.33854459784925</ele>
				<time>2026-08-05T12:25:29Z</time>
			</trkpt>
			<trkpt lat="-37.78155692196211" lon="145.0250397519354">
				<ele>33.3667863085866</ele>
				<time>2026-08-05T12:25:30Z</time>
			</trkpt>
			<trkpt lat="-37.781576999551575" lon="145.0250431737301">
				<ele>33.4585418086499</ele>
				<time>2026-08-05T12:25:58Z</time>
			</trkpt>
			<trkpt lat="-37.78162970701227" lon="145.02506766688737">
				<ele>33.37312627956271</ele>
				<time>2026-08-05T12:26:00Z</time>
			</trkpt>
			<trkpt lat="-37.78168371122313" lon="145.02509303470333">
				<ele>33.268273713067174</ele>
				<time>2026-08-05T12:26:01Z</time>
			</trkpt>
			<trkpt lat="-37.7817497160282" lon="145.02512425702463">
				<ele>33.449714004062116</ele>
				<time>2026-08-05T12:26:02Z</time>
			</trkpt>
			<trkpt lat="-37.78182723135101" lon="145.02515955045124">
				<ele>33.59691877756268</ele>
				<time>2026-08-05T12:26:03Z</time>
			</trkpt>
			<trkpt lat="-37.78191527766575" lon="145.02519879354384">
				<ele>33.24208401143551</ele>
				<time>2026-08-05T12:26:04Z</time>
			</trkpt>
			<trkpt lat="-37.782011277663926" lon="145.02524329091773">
				<ele>32.97269535716623</ele>
				<time>2026-08-05T12:26:05Z</time>
			</trkpt>
			<trkpt lat="-37.78211416482705" lon="145.0252916052805">
				<ele>32.99683053046465</ele>
				<time>2026-08-05T12:26:06Z</time>
			</trkpt>
			<trkpt lat="-37.78221780833042" lon="145.02536288166363">
				<ele>32.98468934092671</ele>
				<time>2026-08-05T12:26:07Z</time>
			</trkpt>
			<trkpt lat="-37.78233167497365" lon="145.0254136434162">
				<ele>32.93851827830076</ele>
				<time>2026-08-05T12:26:08Z</time>
			</trkpt>
			<trkpt lat="-37.78245016868379" lon="145.02546452608283">
				<ele>32.92104484885931</ele>
				<time>2026-08-05T12:26:09Z</time>
			</trkpt>
			<trkpt lat="-37.782572309610934" lon="145.0255136829192">
				<ele>32.97878076415509</ele>
				<time>2026-08-05T12:26:10Z</time>
			</trkpt>
			<trkpt lat="-37.78269879814142" lon="145.02553562815277">
				<ele>32.973183857277036</ele>
				<time>2026-08-05T12:26:11Z</time>
			</trkpt>
			<trkpt lat="-37.78282469774422" lon="145.02556906205731">
				<ele>32.952964302152395</ele>
				<time>2026-08-05T12:26:12Z</time>
			</trkpt>
			<trkpt lat="-37.78295337787696" lon="145.0255939332108">
				<ele>32.82890881411731</ele>
				<time>2026-08-05T12:26:13Z</time>
			</trkpt>
			<trkpt lat="-37.78308281745324" lon="145.02561370677094">
				<ele>32.681129411794245</ele>
				<time>2026-08-05T12:26:14Z</time>
			</trkpt>
			<trkpt lat="-37.78321337920229" lon="145.02562348595885">
				<ele>32.36737521365285</ele>
				<time>2026-08-05T12:26:15Z</time>
			</trkpt>
			<trkpt lat="-37.783344831200864" lon="145.0256249530576">
				<ele>32.040414401330054</ele>
				<time>2026-08-05T12:26:16Z</time>
			</trkpt>
			<trkpt lat="-37.783476817360715" lon="145.02561837778762">
				<ele>31.631949466653168</ele>
				<time>2026-08-05T12:26:17Z</time>
			</trkpt>
			<trkpt lat="-37.78361122174319" lon="145.025604474267">
				<ele>31.106908595189452</ele>
				<time>2026-08-05T12:26:18Z</time>
			</trkpt>
			<trkpt lat="-37.78374638088498" lon="145.02558448659653">
				<ele>30.57330438680947</ele>
				<time>2026-08-05T12:26:19Z</time>
			</trkpt>
			<trkpt lat="-37.783885112406985" lon="145.02555981941336">
				<ele>29.950958527624607</ele>
				<time>2026-08-05T12:26:20Z</time>
			</trkpt>
			<trkpt lat="-37.78402691056832" lon="145.02553599415677">
				<ele>29.32959161233157</ele>
				<time>2026-08-05T12:26:21Z</time>
			</trkpt>
			<trkpt lat="-37.78417419471907" lon="145.02551284565706">
				<ele>28.7336584078148</ele>
				<time>2026-08-05T12:26:22Z</time>
			</trkpt>
			<trkpt lat="-37.784320903859566" lon="145.02548959368244">
				<ele>28.283701054751873</ele>
				<time>2026-08-05T12:26:23Z</time>
			</trkpt>
			<trkpt lat="-37.78446582730524" lon="145.02546665761562">
				<ele>27.902822516858578</ele>
				<time>2026-08-05T12:26:24Z</time>
			</trkpt>
			<trkpt lat="-37.7846079031152" lon="145.0254432097643">
				<ele>27.677670715376735</ele>
				<time>2026-08-05T12:26:25Z</time>
			</trkpt>
			<trkpt lat="-37.784747492326005" lon="145.02541967967792">
				<ele>27.493025741539896</ele>
				<time>2026-08-05T12:26:26Z</time>
			</trkpt>
			<trkpt lat="-37.7848864901349" lon="145.0253968642642">
				<ele>27.113608141429722</ele>
				<time>2026-08-05T12:26:27Z</time>
			</trkpt>
			<trkpt lat="-37.785026907110606" lon="145.0253733912744">
				<ele>26.88721130322665</ele>
				<time>2026-08-05T12:26:28Z</time>
			</trkpt>
			<trkpt lat="-37.785170490402244" lon="145.02534842075335">
				<ele>26.661501616239548</ele>
				<time>2026-08-05T12:26:29Z</time>
			</trkpt>
			<trkpt lat="-37.7853150401916" lon="145.02532463692697">
				<ele>26.26022567600012</ele>
				<time>2026-08-05T12:26:30Z</time>
			</trkpt>
			<trkpt lat="-37.78546166708873" lon="145.02530241366537">
				<ele>26.05262690037489</ele>
				<time>2026-08-05T12:26:31Z</time>
			</trkpt>
			<trkpt lat="-37.785610334996875" lon="145.02528224711543">
				<ele>25.717718452215195</ele>
				<time>2026-08-05T12:26:32Z</time>
			</trkpt>
			<trkpt lat="-37.78576023409825" lon="145.02526701777296">
				<ele>25.433787784539163</ele>
				<time>2026-08-05T12:26:33Z</time>
			</trkpt>
			<trkpt lat="-37.78591245768752" lon="145.0252576039861">
				<ele>25.1695952732116</ele>
				<time>2026-08-05T12:26:34Z</time>
			</trkpt>
			<trkpt lat="-37.78606588467274" lon="145.0252499743993">
				<ele>25.00207099877298</ele>
				<time>2026-08-05T12:26:35Z</time>
			</trkpt>
			<trkpt lat="-37.78622066362894" lon="145.02524785267062">
				<ele>24.987336789257824</ele>
				<time>2026-08-05T12:26:36Z</time>
			</trkpt>
			<trkpt lat="-37.78637558829138" lon="145.02525014014302">
				<ele>24.85854782257229</ele>
				<time>2026-08-05T12:26:37Z</time>
			</trkpt>
			<trkpt lat="-37.78653158074848" lon="145.0252544293084">
				<ele>24.786252515390515</ele>
				<time>2026-08-05T12:26:38Z</time>
			</trkpt>
			<trkpt lat="-37.78668944136072" lon="145.0252565143119">
				<ele>24.696375797502697</ele>
				<time>2026-08-05T12:26:39Z</time>
			</trkpt>
			<trkpt lat="-37.786850144728135" lon="145.02525705884418">
				<ele>24.63760774768889</ele>
				<time>2026-08-05T12:26:40Z</time>
			</trkpt>
			<trkpt lat="-37.78701241098382" lon="145.02525948445395">
				<ele>24.58517666067928</ele>
				<time>2026-08-05T12:26:41Z</time>
			</trkpt>
			<trkpt lat="-37.78717522626127" lon="145.0252605632726">
				<ele>24.508710556663573</ele>
				<time>2026-08-05T12:26:42Z</time>
			</trkpt>
			<trkpt lat="-37.78733637104657" lon="145.02526306103653">
				<ele>24.382827014662325</ele>
				<time>2026-08-05T12:26:43Z</time>
			</trkpt>
			<trkpt lat="-37.78749532052862" lon="145.0252666591011">
				<ele>24.2726868679747</ele>
				<time>2026-08-05T12:26:44Z</time>
			</trkpt>
			<trkpt lat="-37.78765017761297" lon="145.02527738031324">
				<ele>24.2209643824026</ele>
				<time>2026-08-05T12:26:45Z</time>
			</trkpt>
			<trkpt lat="-37.78780090162601" lon="145.02529405234935">
				<ele>24.122967117466033</ele>
				<time>2026-08-05T12:26:46Z</time>
			</trkpt>
			<trkpt lat="-37.787946879917" lon="145.02531979638144">
				<ele>24.049394762143493</ele>
				<time>2026-08-05T12:26:47Z</time>
			</trkpt>
			<trkpt lat="-37.78808457266266" lon="145.02537733555366">
				<ele>23.970015225932002</ele>
				<time>2026-08-05T12:26:48Z</time>
			</trkpt>
			<trkpt lat="-37.78822468886757" lon="145.0253986695807">
				<ele>23.86075168289244</ele>
				<time>2026-08-05T12:26:49Z</time>
			</trkpt>
			<trkpt lat="-37.78835644829999" lon="145.02544450429863">
				<ele>23.93285081256181</ele>
				<time>2026-08-05T12:26:50Z</time>
			</trkpt>
			<trkpt lat="-37.78848192634933" lon="145.02551926952495">
				<ele>24.026292893104255</ele>
				<time>2026-08-05T12:26:51Z</time>
			</trkpt>
			<trkpt lat="-37.788610123406116" lon="145.02558373351644">
				<ele>24.15559893939644</ele>
				<time>2026-08-05T12:26:52Z</time>
			</trkpt>
			<trkpt lat="-37.788736060137474" lon="145.02565581025115">
				<ele>24.297011638991535</ele>
				<time>2026-08-05T12:26:53Z</time>
			</trkpt>
			<trkpt lat="-37.788857588232084" lon="145.02573012920718">
				<ele>24.47738383151591</ele>
				<time>2026-08-05T12:26:54Z</time>
			</trkpt>
			<trkpt lat="-37.788972681968936" lon="145.02580426510448">
				<ele>24.569383905269206</ele>
				<time>2026-08-05T12:26:55Z</time>
			</trkpt>
			<trkpt lat="-37.789095785785" lon="145.02586271008195">
				<ele>24.751060352660716</ele>
				<time>2026-08-05T12:26:56Z</time>
			</trkpt>
			<trkpt lat="-37.78920827434383" lon="145.0259508593016">
				<ele>24.83538586087525</ele>
				<time>2026-08-05T12:26:57Z</time>
			</trkpt>
			<trkpt lat="-37.78931925954083" lon="145.02603904055078">
				<ele>24.927259320393205</ele>
				<time>2026-08-05T12:26:58Z</time>
			</trkpt>
			<trkpt lat="-37.78942139034082" lon="145.02612126053648">
				<ele>25.109994871541858</ele>
				<time>2026-08-05T12:26:59Z</time>
			</trkpt>
			<trkpt lat="-37.789520220323745" lon="145.02619712853996">
				<ele>25.323472783900797</ele>
				<time>2026-08-05T12:27:00Z</time>
			</trkpt>
			<trkpt lat="-37.78961796933586" lon="145.0262746424301">
				<ele>25.487036836333573</ele>
				<time>2026-08-05T12:27:01Z</time>
			</trkpt>
			<trkpt lat="-37.789711793473955" lon="145.02635789765196">
				<ele>25.642875877209008</ele>
				<time>2026-08-05T12:27:02Z</time>
			</trkpt>
			<trkpt lat="-37.789802483401424" lon="145.02644801018914">
				<ele>25.8202771153301</ele>
				<time>2026-08-05T12:27:03Z</time>
			</trkpt>
			<trkpt lat="-37.78989439014079" lon="145.02654105534006">
				<ele>25.976999514736235</ele>
				<time>2026-08-05T12:27:04Z</time>
			</trkpt>
			<trkpt lat="-37.78998664647621" lon="145.0266420161973">
				<ele>26.186146500520408</ele>
				<time>2026-08-05T12:27:05Z</time>
			</trkpt>
			<trkpt lat="-37.790078588495874" lon="145.0267483795334">
				<ele>26.29723008722067</ele>
				<time>2026-08-05T12:27:06Z</time>
			</trkpt>
			<trkpt lat="-37.79016927525593" lon="145.02686032443088">
				<ele>26.439052746631205</ele>
				<time>2026-08-05T12:27:07Z</time>
			</trkpt>
			<trkpt lat="-37.79025753569067" lon="145.02697703369174">
				<ele>26.585614655166864</ele>
				<time>2026-08-05T12:27:08Z</time>
			</trkpt>
			<trkpt lat="-37.79033062667061" lon="145.027112317207">
				<ele>26.663843179121614</ele>
				<time>2026-08-05T12:27:09Z</time>
			</trkpt>
			<trkpt lat="-37.79042676763469" lon="145.0272242065409">
				<ele>26.72358535695821</ele>
				<time>2026-08-05T12:27:10Z</time>
			</trkpt>
			<trkpt lat="-37.79049787806181" lon="145.02736460360254">
				<ele>26.684334536083043</ele>
				<time>2026-08-05T12:27:11Z</time>
			</trkpt>
			<trkpt lat="-37.790578331373204" lon="145.02748995778975">
				<ele>26.723819753155112</ele>
				<time>2026-08-05T12:27:12Z</time>
			</trkpt>
			<trkpt lat="-37.790656105884" lon="145.02761360695314">
				<ele>26.689012423157692</ele>
				<time>2026-08-05T12:27:13Z</time>
			</trkpt>
			<trkpt lat="-37.79074699171394" lon="145.0277249095248">
				<ele>26.573962142691016</ele>
				<time>2026-08-05T12:27:14Z</time>
			</trkpt>
			<trkpt lat="-37.79081165847088" lon="145.02786597875712">
				<ele>26.384798891842365</ele>
				<time>2026-08-05T12:27:15Z</time>
			</trkpt>
			<trkpt lat="-37.79089123323269" lon="145.0279986620165">
				<ele>26.288560991175473</ele>
				<time>2026-08-05T12:27:16Z</time>
			</trkpt>
			<trkpt lat="-37.79097146299859" lon="145.02813216355818">
				<ele>26.228419214487076</ele>
				<time>2026-08-05T12:27:17Z</time>
			</trkpt>
			<trkpt lat="-37.79105291032798" lon="145.02826769114148">
				<ele>26.082957308739424</ele>
				<time>2026-08-05T12:27:18Z</time>
			</trkpt>
			<trkpt lat="-37.79113356251952" lon="145.02840220491214">
				<ele>25.88306704070419</ele>
				<time>2026-08-05T12:27:19Z</time>
			</trkpt>
			<trkpt lat="-37.79121202619582" lon="145.02853316734115">
				<ele>25.800700390711427</ele>
				<time>2026-08-05T12:27:20Z</time>
			</trkpt>
			<trkpt lat="-37.79128840853316" lon="145.0286603476946">
				<ele>25.69062031339854</ele>
				<time>2026-08-05T12:27:21Z</time>
			</trkpt>
			<trkpt lat="-37.79136287599757" lon="145.02878400883088">
				<ele>25.567808913998306</ele>
				<time>2026-08-05T12:27:22Z</time>
			</trkpt>
			<trkpt lat="-37.79143750672069" lon="145.02890965602393">
				<ele>25.485489051789045</ele>
				<time>2026-08-05T12:27:23Z</time>
			</trkpt>
			<trkpt lat="-37.79151442239777" lon="145.0290392684001">
				<ele>25.307431468740106</ele>
				<time>2026-08-05T12:27:24Z</time>
			</trkpt>
			<trkpt lat="-37.79160438836069" lon="145.02915671610432">
				<ele>25.195566719397902</ele>
				<time>2026-08-05T12:27:25Z</time>
			</trkpt>
			<trkpt lat="-37.79166696509416" lon="145.02929866911668">
				<ele>25.009405570104718</ele>
				<time>2026-08-05T12:27:26Z</time>
			</trkpt>
			<trkpt lat="-37.79175399025797" lon="145.0294136096718">
				<ele>24.915578321553767</ele>
				<time>2026-08-05T12:27:27Z</time>
			</trkpt>
			<trkpt lat="-37.791826554754536" lon="145.02954118294633">
				<ele>24.779585328884423</ele>
				<time>2026-08-05T12:27:28Z</time>
			</trkpt>
			<trkpt lat="-37.7918981038771" lon="145.02967257573954">
				<ele>24.570121174678206</ele>
				<time>2026-08-05T12:27:29Z</time>
			</trkpt>
			<trkpt lat="-37.79196666755388" lon="145.02980490660937">
				<ele>24.51239797845483</ele>
				<time>2026-08-05T12:27:30Z</time>
			</trkpt>
			<trkpt lat="-37.79203551457898" lon="145.02993883919214">
				<ele>24.387337151914835</ele>
				<time>2026-08-05T12:27:31Z</time>
			</trkpt>
			<trkpt lat="-37.7920911351526" lon="145.0300886013457">
				<ele>24.304550915956497</ele>
				<time>2026-08-05T12:27:32Z</time>
			</trkpt>
			<trkpt lat="-37.7921632564849" lon="145.03022458583854">
				<ele>24.26803316362202</ele>
				<time>2026-08-05T12:27:33Z</time>
			</trkpt>
			<trkpt lat="-37.79223431387661" lon="145.0303657319754">
				<ele>24.172518310137093</ele>
				<time>2026-08-05T12:27:34Z</time>
			</trkpt>
			<trkpt lat="-37.792306417565754" lon="145.03050879247547">
				<ele>24.085925752297044</ele>
				<time>2026-08-05T12:27:35Z</time>
			</trkpt>
			<trkpt lat="-37.792380477007335" lon="145.03065429282094">
				<ele>23.905311978422105</ele>
				<time>2026-08-05T12:27:36Z</time>
			</trkpt>
			<trkpt lat="-37.79245222465482" lon="145.03079651215347">
				<ele>23.765450892038643</ele>
				<time>2026-08-05T12:27:37Z</time>
			</trkpt>
			<trkpt lat="-37.79252176485673" lon="145.0309354479554">
				<ele>23.75410692859441</ele>
				<time>2026-08-05T12:27:38Z</time>
			</trkpt>
			<trkpt lat="-37.79258809565568" lon="145.03106603810764">
				<ele>23.794707662425935</ele>
				<time>2026-08-05T12:27:39Z</time>
			</trkpt>
			<trkpt lat="-37.792649399021755" lon="145.03118673031852">
				<ele>23.765638913027942</ele>
				<time>2026-08-05T12:27:40Z</time>
			</trkpt>
			<trkpt lat="-37.79270627529761" lon="145.03129616981795">
				<ele>23.62332538701594</ele>
				<time>2026-08-05T12:27:41Z</time>
			</trkpt>
			<trkpt lat="-37.79275810348835" lon="145.031395550711">
				<ele>23.5951735842973</ele>
				<time>2026-08-05T12:27:42Z</time>
			</trkpt>
			<trkpt lat="-37.79280069642908" lon="145.0314762404004">
				<ele>23.5262267915532</ele>
				<time>2026-08-05T12:27:43Z</time>
			</trkpt>
			<trkpt lat="-37.792838809436276" lon="145.03154824759486">
				<ele>23.337582694366574</ele>
				<time>2026-08-05T12:27:44Z</time>
			</trkpt>
			<trkpt lat="-37.79287103095692" lon="145.031609121728">
				<ele>23.269162456505</ele>
				<time>2026-08-05T12:27:45Z</time>
			</trkpt>
			<trkpt lat="-37.793037032904074" lon="145.03154572078964">
				<ele>23.10748883150518</ele>
				<time>2026-08-05T12:27:46Z</time>
			</trkpt>
			<trkpt lat="-37.793122000916945" lon="145.03153781181138">
				<ele>22.891867368482053</ele>
				<time>2026-08-05T12:27:47Z</time>
			</trkpt>
			<trkpt lat="-37.79320578456265" lon="145.031496715203">
				<ele>22.735117486678064</ele>
				<time>2026-08-05T12:27:48Z</time>
			</trkpt>
			<trkpt lat="-37.793312608607444" lon="145.03149390467402">
				<ele>22.404863633215427</ele>
				<time>2026-08-05T12:27:49Z</time>
			</trkpt>
			<trkpt lat="-37.793421570748365" lon="145.03146922828054">
				<ele>22.17143735755235</ele>
				<time>2026-08-05T12:27:50Z</time>
			</trkpt>
			<trkpt lat="-37.79353745786525" lon="145.03144496392994">
				<ele>22.005133570171893</ele>
				<time>2026-08-05T12:27:51Z</time>
			</trkpt>
			<trkpt lat="-37.79365480643841" lon="145.03142181491506">
				<ele>21.97238815855235</ele>
				<time>2026-08-05T12:27:52Z</time>
			</trkpt>
			<trkpt lat="-37.79377102608996" lon="145.0313978745834">
				<ele>22.25476680509746</ele>
				<time>2026-08-05T12:27:53Z</time>
			</trkpt>
			<trkpt lat="-37.79388321888044" lon="145.0313734014456">
				<ele>22.950719237327576</ele>
				<time>2026-08-05T12:27:54Z</time>
			</trkpt>
			<trkpt lat="-37.79399384483843" lon="145.03134434357392">
				<ele>23.468504696153104</ele>
				<time>2026-08-05T12:27:55Z</time>
			</trkpt>
			<trkpt lat="-37.79410391511119" lon="145.03131229387617">
				<ele>24.034416592679918</ele>
				<time>2026-08-05T12:27:56Z</time>
			</trkpt>
			<trkpt lat="-37.794212100574825" lon="145.03127629326258">
				<ele>24.715915956534445</ele>
				<time>2026-08-05T12:27:57Z</time>
			</trkpt>
			<trkpt lat="-37.79431566747828" lon="145.0312462123359">
				<ele>25.147591615095735</ele>
				<time>2026-08-05T12:27:58Z</time>
			</trkpt>
			<trkpt lat="-37.79441369167624" lon="145.03122221976395">
				<ele>25.634063073433936</ele>
				<time>2026-08-05T12:27:59Z</time>
			</trkpt>
			<trkpt lat="-37.79450171343439" lon="145.03120212060006">
				<ele>26.001203199848533</ele>
				<time>2026-08-05T12:28:00Z</time>
			</trkpt>
			<trkpt lat="-37.794572953394706" lon="145.03118642747725">
				<ele>26.419554814696312</ele>
				<time>2026-08-05T12:28:01Z</time>
			</trkpt>
			<trkpt lat="-37.79462564149189" lon="145.03117384378888">
				<ele>26.63151593785733</ele>
				<time>2026-08-05T12:28:02Z</time>
			</trkpt>
			<trkpt lat="-37.794654328251546" lon="145.03116648283608">
				<ele>26.757403095252812</ele>
				<time>2026-08-05T12:28:03Z</time>
			</trkpt>
			<trkpt lat="-37.79468066438452" lon="145.03115784990376">
				<ele>26.992006916552782</ele>
				<time>2026-08-05T12:28:13Z</time>
			</trkpt>
			<trkpt lat="-37.794711533623975" lon="145.03114692378702">
				<ele>27.17003578413278</ele>
				<time>2026-08-05T12:28:15Z</time>
			</trkpt>
			<trkpt lat="-37.79473480234217" lon="145.03114928096318">
				<ele>27.19852123223245</ele>
				<time>2026-08-05T12:28:16Z</time>
			</trkpt>
			<trkpt lat="-37.79475262570686" lon="145.03113749305825">
				<ele>26.600584384985268</ele>
				<time>2026-08-05T12:28:17Z</time>
			</trkpt>
			<trkpt lat="-37.79470211704205" lon="145.03100307179724">
				<ele>25.727669146843255</ele>
				<time>2026-08-05T12:28:18Z</time>
			</trkpt>
			<trkpt lat="-37.79468586439535" lon="145.03091420228364">
				<ele>25.169611507095397</ele>
				<time>2026-08-05T12:28:19Z</time>
			</trkpt>
			<trkpt lat="-37.79468343542396" lon="145.03080793730072">
				<ele>24.310778454877436</ele>
				<time>2026-08-05T12:28:20Z</time>
			</trkpt>
			<trkpt lat="-37.794635396601386" lon="145.03069634794937">
				<ele>23.388274617493153</ele>
				<time>2026-08-05T12:28:21Z</time>
			</trkpt>
			<trkpt lat="-37.79460620517157" lon="145.03056853577294">
				<ele>23.04977415408939</ele>
				<time>2026-08-05T12:28:22Z</time>
			</trkpt>
			<trkpt lat="-37.79457680629044" lon="145.03043559364508">
				<ele>23.69046558625996</ele>
				<time>2026-08-05T12:28:23Z</time>
			</trkpt>
			<trkpt lat="-37.79454829995663" lon="145.0303067042791">
				<ele>24.786328326910734</ele>
				<time>2026-08-05T12:28:24Z</time>
			</trkpt>
			<trkpt lat="-37.79452032809987" lon="145.03018023163384">
				<ele>25.90760505385697</ele>
				<time>2026-08-05T12:28:25Z</time>
			</trkpt>
			<trkpt lat="-37.794492114809266" lon="145.0300563775174">
				<ele>26.726573563180864</ele>
				<time>2026-08-05T12:28:26Z</time>
			</trkpt>
			<trkpt lat="-37.79446316653693" lon="145.0299327327577">
				<ele>27.325547668151557</ele>
				<time>2026-08-05T12:28:27Z</time>
			</trkpt>
			<trkpt lat="-37.794436648332045" lon="145.02980764260303">
				<ele>27.530239074490964</ele>
				<time>2026-08-05T12:28:28Z</time>
			</trkpt>
			<trkpt lat="-37.794412498554316" lon="145.0296786534248">
				<ele>27.98559850640595</ele>
				<time>2026-08-05T12:28:29Z</time>
			</trkpt>
			<trkpt lat="-37.794405296267435" lon="145.0295451878486">
				<ele>28.223428045399487</ele>
				<time>2026-08-05T12:28:30Z</time>
			</trkpt>
			<trkpt lat="-37.79437787575793" lon="145.02941931196094">
				<ele>28.393554330803454</ele>
				<time>2026-08-05T12:28:31Z</time>
			</trkpt>
			<trkpt lat="-37.79435023732415" lon="145.02929580156174">
				<ele>28.569990285672247</ele>
				<time>2026-08-05T12:28:32Z</time>
			</trkpt>
			<trkpt lat="-37.794322247412985" lon="145.0291697409361">
				<ele>28.951199926435947</ele>
				<time>2026-08-05T12:28:33Z</time>
			</trkpt>
			<trkpt lat="-37.79429298230352" lon="145.02904428299428">
				<ele>28.916257871314883</ele>
				<time>2026-08-05T12:28:34Z</time>
			</trkpt>
			<trkpt lat="-37.79426534499883" lon="145.02892364104147">
				<ele>28.92355112079531</ele>
				<time>2026-08-05T12:28:35Z</time>
			</trkpt>
			<trkpt lat="-37.794243270819564" lon="145.02882761516952">
				<ele>28.942964646965265</ele>
				<time>2026-08-05T12:28:36Z</time>
			</trkpt>
			<trkpt lat="-37.79423099341562" lon="145.02875318403383">
				<ele>28.96602949220687</ele>
				<time>2026-08-05T12:28:37Z</time>
			</trkpt>
			<trkpt lat="-37.79420983861878" lon="145.02869904453965">
				<ele>28.754879697225988</ele>
				<time>2026-08-05T12:28:38Z</time>
			</trkpt>
			<trkpt lat="-37.79419933449849" lon="145.02865439597338">
				<ele>29.07591454591602</ele>
				<time>2026-08-05T12:28:39Z</time>
			</trkpt>
			<trkpt lat="-37.794307274382135" lon="145.0285739065293">
				<ele>29.375578803010285</ele>
				<time>2026-08-05T12:28:40Z</time>
			</trkpt>
			<trkpt lat="-37.79435476000447" lon="145.02850992322448">
				<ele>29.312452705577016</ele>
				<time>2026-08-05T12:28:41Z</time>
			</trkpt>
			<trkpt lat="-37.7944050705373" lon="145.0284388288413">
				<ele>29.53436530288309</ele>
				<time>2026-08-05T12:28:42Z</time>
			</trkpt>
			<trkpt lat="-37.794460355393284" lon="145.02836283253552">
				<ele>29.79419706389308</ele>
				<time>2026-08-05T12:28:43Z</time>
			</trkpt>
			<trkpt lat="-37.794518789858664" lon="145.02828308834972">
				<ele>30.109483689069748</ele>
				<time>2026-08-05T12:28:44Z</time>
			</trkpt>
			<trkpt lat="-37.79457777909236" lon="145.02820386516873">
				<ele>30.430108499713242</ele>
				<time>2026-08-05T12:28:45Z</time>
			</trkpt>
			<trkpt lat="-37.79463439733708" lon="145.02812945205653">
				<ele>30.639641631394625</ele>
				<time>2026-08-05T12:28:46Z</time>
			</trkpt>
			<trkpt lat="-37.794685097818395" lon="145.0280560201893">
				<ele>30.97095313295722</ele>
				<time>2026-08-05T12:28:47Z</time>
			</trkpt>
			<trkpt lat="-37.794725293008455" lon="145.02799912554008">
				<ele>31.244677173905075</ele>
				<time>2026-08-05T12:28:48Z</time>
			</trkpt>
			<trkpt lat="-37.79475585585518" lon="145.02795848923483">
				<ele>31.449464773759246</ele>
				<time>2026-08-05T12:28:49Z</time>
			</trkpt>
			<trkpt lat="-37.794773297551686" lon="145.02793422649538">
				<ele>31.515837884508073</ele>
				<time>2026-08-05T12:28:50Z</time>
			</trkpt>
			<trkpt lat="-37.79479624794046" lon="145.02791059347223">
				<ele>31.63093555252999</ele>
				<time>2026-08-05T12:28:52Z</time>
			</trkpt>
			<trkpt lat="-37.794809387529845" lon="145.0278922275031">
				<ele>34.437240737490356</ele>
				<time>2026-08-05T12:29:32Z</time>
			</trkpt>
			<trkpt lat="-37.79482030194447" lon="145.02787697180648">
				<ele>33.47902642842382</ele>
				<time>2026-08-05T12:29:40Z</time>
			</trkpt>
			<trkpt lat="-37.7948327805371" lon="145.02785948280763">
				<ele>33.06201010104269</ele>
				<time>2026-08-05T12:29:47Z</time>
			</trkpt>
			<trkpt lat="-37.79484645462235" lon="145.02784016053752">
				<ele>32.650772493332624</ele>
				<time>2026-08-05T12:29:50Z</time>
			</trkpt>
			<trkpt lat="-37.79485932757903" lon="145.0278219702699">
				<ele>32.55685300938785</ele>
				<time>2026-08-05T12:29:52Z</time>
			</trkpt>
			<trkpt lat="-37.79487353177556" lon="145.02780189894372">
				<ele>32.470076559111476</ele>
				<time>2026-08-05T12:29:59Z</time>
			</trkpt>
			<trkpt lat="-37.79485512146478" lon="145.02780715935404">
				<ele>32.41729641892016</ele>
				<time>2026-08-05T12:30:00Z</time>
			</trkpt>
			<trkpt lat="-37.79483704113464" lon="145.0278534622904">
				<ele>32.28288268297911</ele>
				<time>2026-08-05T12:30:02Z</time>
			</trkpt>
			<trkpt lat="-37.794824373938205" lon="145.02787128015117">
				<ele>31.72565790824592</ele>
				<time>2026-08-05T12:30:11Z</time>
			</trkpt>
		</trkseg>
	</trk>
</gpx>
